grade,track,subject,book,chapter,topic,subtopic,difficulty,question,option_a,option_b,option_c,option_d,correct_option,explanation,source,source_type,source_year
"دوازدهم","ریاضی","ریاضی","ریاضی کنکور 1395","کنکور","تمرین هم‌سطح کنکور","","متوسط","اگر 3x-5=16 باشد، مقدار x کدام است؟","5","6","7","8","C","با افزودن 5 و تقسیم بر 3، x=7.","ترنم همدلی","original_analogous","1395"
"دوازدهم","ریاضی","ریاضی","ریاضی کنکور 1395","کنکور","تمرین هم‌سطح کنکور","","متوسط","اگر f(x)=2x+1 باشد، f(4) چند است؟","7","8","9","10","C","با جایگذاری 4، مقدار تابع 9 است.","ترنم همدلی","original_analogous","1395"
"دوازدهم","ریاضی","ریاضی","ریاضی کنکور 1395","کنکور","تمرین هم‌سطح کنکور","","متوسط","در یک تاس سالم احتمال آمدن عدد بزرگ‌تر از 4 چقدر است؟","1/6","1/3","1/2","2/3","B","دو حالت از شش حالت ممکن داریم.","ترنم همدلی","original_analogous","1395"
"دوازدهم","ریاضی","ریاضی","ریاضی کنکور 1395","کنکور","تمرین هم‌سطح کنکور","","متوسط","حاصل 2^5 ÷ 2^2 کدام است؟","2^2","2^3","2^7","2^10","B","در تقسیم توان‌های هم‌پایه، توان‌ها تفریق می‌شوند.","ترنم همدلی","original_analogous","1395"
"دوازدهم","ریاضی","ریاضی","ریاضی کنکور 1395","کنکور","تمرین هم‌سطح کنکور","","متوسط","مجموع زاویه‌های داخلی مثلث چند درجه است؟","90","180","270","360","B","مجموع زاویه‌های داخلی مثلث 180 درجه است.","ترنم همدلی","original_analogous","1395"
"دوازدهم","ریاضی","ریاضی","ریاضی کنکور 1395","کنکور","تمرین هم‌سطح کنکور","","متوسط","جمله بعدی دنباله 2، 5، 8، 11 کدام است؟","12","13","14","15","C","اختلاف جمله‌ها 3 است.","ترنم همدلی","original_analogous","1395"
"دوازدهم","ریاضی","ریاضی","ریاضی کنکور 1395","کنکور","تمرین هم‌سطح کنکور","","سخت","مشتق x^3 در x=2 کدام است؟","6","8","12","16","C","مشتق 3x² است و در 2 برابر 12 می‌شود.","ترنم همدلی","original_analogous","1395"
"دوازدهم","ریاضی","ریاضی","ریاضی کنکور 1395","کنکور","تمرین هم‌سطح کنکور","","متوسط","میانگین اعداد 4، 6 و 8 کدام است؟","5","6","7","8","B","جمع 18 و تعداد 3 است؛ میانگین 6.","ترنم همدلی","original_analogous","1395"
"دوازدهم","ریاضی","ریاضی","ریاضی کنکور 1395","کنکور","تمرین هم‌سطح کنکور","","متوسط","حل x+4<9 کدام است؟","x<5","x>5","x<13","x>13","A","با کم کردن 4، x<5.","ترنم همدلی","original_analogous","1395"
"دوازدهم","ریاضی","ریاضی","ریاضی کنکور 1395","کنکور","تمرین هم‌سطح کنکور","","متوسط","اگر دو بردار اندازه و جهت یکسان داشته باشند، چه رابطه‌ای دارند؟","متعامد","مساوی","مخالف","عمود","B","برابری بردارها یعنی اندازه و جهت یکسان.","ترنم همدلی","original_analogous","1395"
"دوازدهم","تجربی","زیست‌شناسی","زیست‌شناسی کنکور 1395","کنکور","تمرین هم‌سطح کنکور","","متوسط","کدام ساختار محل اصلی تبادل گاز در شش است؟","نای","نایژه","حبابک","حنجره","C","حبابک‌ها محل اصلی تبادل گازند.","ترنم همدلی","original_analogous","1395"
"دوازدهم","تجربی","زیست‌شناسی","زیست‌شناسی کنکور 1395","کنکور","تمرین هم‌سطح کنکور","","متوسط","کدام مولکول نقش اصلی در ذخیره اطلاعات وراثتی دارد؟","ATP","DNA","آب","گلوکز","B","اطلاعات وراثتی عمدتاً در DNA ذخیره می‌شود.","ترنم همدلی","original_analogous","1395"
"دوازدهم","تجربی","شیمی","شیمی کنکور 1395","کنکور","تمرین هم‌سطح کنکور","","متوسط","با ثابت بودن حجم، افزایش حل‌شونده چه اثری بر غلظت دارد؟","کاهش","افزایش","بدون تغییر","صفر شدن","B","با ثابت بودن حجم، غلظت افزایش می‌یابد.","ترنم همدلی","original_analogous","1395"
"دوازدهم","تجربی","فیزیک","فیزیک کنکور 1395","کنکور","تمرین هم‌سطح کنکور","","متوسط","اگر سرعت جسم دو برابر شود، انرژی جنبشی چند برابر می‌شود؟","2","3","4","8","C","انرژی جنبشی با مربع سرعت متناسب است.","ترنم همدلی","original_analogous","1395"
"دوازدهم","تجربی","فیزیک","فیزیک کنکور 1395","کنکور","تمرین هم‌سطح کنکور","","متوسط","با مقاومت ثابت و دو برابر شدن ولتاژ، جریان چه می‌شود؟","نصف","دو برابر","چهار برابر","ثابت","B","طبق قانون اهم جریان دو برابر می‌شود.","ترنم همدلی","original_analogous","1395"
"دوازدهم","تجربی","شیمی","شیمی کنکور 1395","کنکور","تمرین هم‌سطح کنکور","","متوسط","pH کمتر از 7 در شرایط معمول نشان‌دهنده چیست؟","محلول اسیدی","محلول خنثی","محلول بازی","فلز خالص","A","در شرایط معمول pH کمتر از 7 اسیدی است.","ترنم همدلی","original_analogous","1395"
"دوازدهم","تجربی","زیست‌شناسی","زیست‌شناسی کنکور 1395","کنکور","تمرین هم‌سطح کنکور","","متوسط","کدام یاخته در خون مسئول حمل اکسیژن است؟","پلاکت","گلبول قرمز","گلبول سفید","نورون","B","هموگلوبین گلبول قرمز اکسیژن را حمل می‌کند.","ترنم همدلی","original_analogous","1395"
"دوازدهم","تجربی","فیزیک","فیزیک کنکور 1395","کنکور","تمرین هم‌سطح کنکور","","متوسط","کار نیروی هم‌جهت با جابه‌جایی چگونه محاسبه می‌شود؟","F/d","F+d","F×d","F-d","C","در این حالت W=Fd است.","ترنم همدلی","original_analogous","1395"
"دوازدهم","تجربی","شیمی","شیمی کنکور 1395","کنکور","تمرین هم‌سطح کنکور","","متوسط","هیدروکربن‌ها از چه عناصری ساخته شده‌اند؟","کربن و اکسیژن","کربن و هیدروژن","هیدروژن و نیتروژن","اکسیژن و نیتروژن","B","هیدروکربن شامل کربن و هیدروژن است.","ترنم همدلی","original_analogous","1395"
"دوازدهم","تجربی","زیست‌شناسی","زیست‌شناسی کنکور 1395","کنکور","تمرین هم‌سطح کنکور","","متوسط","کدام فرایند تعداد کروموزوم‌های یاخته جنسی را نصف می‌کند؟","میتوز","میوز","ترجمه","رونویسی","B","میوز تعداد کروموزوم‌ها را نصف می‌کند.","ترنم همدلی","original_analogous","1395"
"دوازدهم","انسانی","اقتصاد","اقتصاد کنکور 1395","کنکور","تمرین هم‌سطح کنکور","","متوسط","کدام مورد از عوامل تولید محسوب می‌شود؟","سرمایه","رنگ","شانس","خاطره","A","سرمایه یکی از عوامل تولید است.","ترنم همدلی","original_analogous","1395"
"دوازدهم","انسانی","جامعه‌شناسی","جامعه‌شناسی کنکور 1395","کنکور","تمرین هم‌سطح کنکور","","متوسط","هویت اجتماعی بیشتر در چه بستری شکل می‌گیرد؟","تعامل اجتماعی","فقط قد","فقط آب‌وهوا","فقط سن","A","هویت اجتماعی در تعامل با جامعه شکل می‌گیرد.","ترنم همدلی","original_analogous","1395"
"دوازدهم","انسانی","روان‌شناسی","روان‌شناسی کنکور 1395","کنکور","تمرین هم‌سطح کنکور","","متوسط","ادراک به کدام فرایند نزدیک‌تر است؟","تفسیر اطلاعات حسی","تنفس","گردش خون","گوارش","A","ادراک شامل تفسیر و سازمان‌دهی اطلاعات حسی است.","ترنم همدلی","original_analogous","1395"
"دوازدهم","انسانی","فلسفه","فلسفه کنکور 1395","کنکور","تمرین هم‌سطح کنکور","","متوسط","برای ارزیابی یک ادعا کدام مورد اهمیت بیشتری دارد؟","دلیل و شواهد","بلندی صدا","تعداد کلمات","نام گوینده","A","اعتبار ادعا با دلیل و شواهد بررسی می‌شود.","ترنم همدلی","original_analogous","1395"
"دوازدهم","انسانی","علوم و فنون ادبی","علوم و فنون ادبی کنکور 1395","کنکور","تمرین هم‌سطح کنکور","","متوسط","مراعات نظیر بر چه اساسی شکل می‌گیرد؟","ارتباط معنایی واژه‌ها","تضاد کامل","تعداد هجاها","قافیه اجباری","A","واژه‌های مرتبط از یک حوزه معنایی می‌توانند مراعات نظیر بسازند.","ترنم همدلی","original_analogous","1395"
"دوازدهم","انسانی","عربی","عربی کنکور 1395","کنکور","تمرین هم‌سطح کنکور","","متوسط","ترجمه «لا تُهمِلْ دروسَک» چیست؟","درس‌هایت را رها نکن","درس‌هایت را خواندی","درس‌هایت را خواهی خواند","درس‌هایت را نوشتی","A","«لا تهمل» فعل نهی است.","ترنم همدلی","original_analogous","1395"
"دوازدهم","انسانی","انگلیسی","انگلیسی کنکور 1395","کنکور","تمرین هم‌سطح کنکور","","متوسط","کدام جمله از نظر گذشته ساده درست است؟","She visit us yesterday.","She visited us yesterday.","She visiting us yesterday.","She has visit yesterday.","B","visited شکل گذشته ساده فعل visit است.","ترنم همدلی","original_analogous","1395"
"دوازدهم","انسانی","تاریخ","تاریخ کنکور 1395","کنکور","تمرین هم‌سطح کنکور","","متوسط","برای بررسی یک رویداد تاریخی، کدام منبع مستقیم‌تر است؟","سند هم‌دوره","شایعه امروزی","نظر بدون منبع","حدس شخصی","A","سند هم‌دوره شاهد مستقیم‌تری است.","ترنم همدلی","original_analogous","1395"
"دوازدهم","انسانی","جغرافیا","جغرافیا کنکور 1395","کنکور","تمرین هم‌سطح کنکور","","متوسط","کدام عامل بر دمای یک منطقه اثر می‌گذارد؟","عرض جغرافیایی","نام شهر","شماره پلاک","رنگ ساختمان","A","عرض جغرافیایی بر دریافت انرژی خورشیدی اثر دارد.","ترنم همدلی","original_analogous","1395"
"دوازدهم","انسانی","منطق","منطق کنکور 1395","کنکور","تمرین هم‌سطح کنکور","","متوسط","کدام گزینه یک استدلال را کامل‌تر می‌کند؟","ارائه دلیل برای نتیجه","تکرار نتیجه","بلندتر گفتن جمله","حذف مقدمات","A","استدلال به دلیل و ارتباط منطقی نیاز دارد.","ترنم همدلی","original_analogous","1395"
"دوازدهم","ریاضی","ریاضی","ریاضی کنکور 1396","کنکور","تمرین هم‌سطح کنکور","","متوسط","اگر 3x-5=16 باشد، مقدار x کدام است؟","5","6","7","8","C","با افزودن 5 و تقسیم بر 3، x=7.","ترنم همدلی","original_analogous","1396"
"دوازدهم","ریاضی","ریاضی","ریاضی کنکور 1396","کنکور","تمرین هم‌سطح کنکور","","متوسط","اگر f(x)=2x+1 باشد، f(4) چند است؟","7","8","9","10","C","با جایگذاری 4، مقدار تابع 9 است.","ترنم همدلی","original_analogous","1396"
"دوازدهم","ریاضی","ریاضی","ریاضی کنکور 1396","کنکور","تمرین هم‌سطح کنکور","","متوسط","در یک تاس سالم احتمال آمدن عدد بزرگ‌تر از 4 چقدر است؟","1/6","1/3","1/2","2/3","B","دو حالت از شش حالت ممکن داریم.","ترنم همدلی","original_analogous","1396"
"دوازدهم","ریاضی","ریاضی","ریاضی کنکور 1396","کنکور","تمرین هم‌سطح کنکور","","متوسط","حاصل 2^5 ÷ 2^2 کدام است؟","2^2","2^3","2^7","2^10","B","در تقسیم توان‌های هم‌پایه، توان‌ها تفریق می‌شوند.","ترنم همدلی","original_analogous","1396"
"دوازدهم","ریاضی","ریاضی","ریاضی کنکور 1396","کنکور","تمرین هم‌سطح کنکور","","متوسط","مجموع زاویه‌های داخلی مثلث چند درجه است؟","90","180","270","360","B","مجموع زاویه‌های داخلی مثلث 180 درجه است.","ترنم همدلی","original_analogous","1396"
"دوازدهم","ریاضی","ریاضی","ریاضی کنکور 1396","کنکور","تمرین هم‌سطح کنکور","","متوسط","جمله بعدی دنباله 2، 5، 8، 11 کدام است؟","12","13","14","15","C","اختلاف جمله‌ها 3 است.","ترنم همدلی","original_analogous","1396"
"دوازدهم","ریاضی","ریاضی","ریاضی کنکور 1396","کنکور","تمرین هم‌سطح کنکور","","سخت","مشتق x^3 در x=2 کدام است؟","6","8","12","16","C","مشتق 3x² است و در 2 برابر 12 می‌شود.","ترنم همدلی","original_analogous","1396"
"دوازدهم","ریاضی","ریاضی","ریاضی کنکور 1396","کنکور","تمرین هم‌سطح کنکور","","متوسط","میانگین اعداد 4، 6 و 8 کدام است؟","5","6","7","8","B","جمع 18 و تعداد 3 است؛ میانگین 6.","ترنم همدلی","original_analogous","1396"
"دوازدهم","ریاضی","ریاضی","ریاضی کنکور 1396","کنکور","تمرین هم‌سطح کنکور","","متوسط","حل x+4<9 کدام است؟","x<5","x>5","x<13","x>13","A","با کم کردن 4، x<5.","ترنم همدلی","original_analogous","1396"
"دوازدهم","ریاضی","ریاضی","ریاضی کنکور 1396","کنکور","تمرین هم‌سطح کنکور","","متوسط","اگر دو بردار اندازه و جهت یکسان داشته باشند، چه رابطه‌ای دارند؟","متعامد","مساوی","مخالف","عمود","B","برابری بردارها یعنی اندازه و جهت یکسان.","ترنم همدلی","original_analogous","1396"
"دوازدهم","تجربی","زیست‌شناسی","زیست‌شناسی کنکور 1396","کنکور","تمرین هم‌سطح کنکور","","متوسط","کدام ساختار محل اصلی تبادل گاز در شش است؟","نای","نایژه","حبابک","حنجره","C","حبابک‌ها محل اصلی تبادل گازند.","ترنم همدلی","original_analogous","1396"
"دوازدهم","تجربی","زیست‌شناسی","زیست‌شناسی کنکور 1396","کنکور","تمرین هم‌سطح کنکور","","متوسط","کدام مولکول نقش اصلی در ذخیره اطلاعات وراثتی دارد؟","ATP","DNA","آب","گلوکز","B","اطلاعات وراثتی عمدتاً در DNA ذخیره می‌شود.","ترنم همدلی","original_analogous","1396"
"دوازدهم","تجربی","شیمی","شیمی کنکور 1396","کنکور","تمرین هم‌سطح کنکور","","متوسط","با ثابت بودن حجم، افزایش حل‌شونده چه اثری بر غلظت دارد؟","کاهش","افزایش","بدون تغییر","صفر شدن","B","با ثابت بودن حجم، غلظت افزایش می‌یابد.","ترنم همدلی","original_analogous","1396"
"دوازدهم","تجربی","فیزیک","فیزیک کنکور 1396","کنکور","تمرین هم‌سطح کنکور","","متوسط","اگر سرعت جسم دو برابر شود، انرژی جنبشی چند برابر می‌شود؟","2","3","4","8","C","انرژی جنبشی با مربع سرعت متناسب است.","ترنم همدلی","original_analogous","1396"
"دوازدهم","تجربی","فیزیک","فیزیک کنکور 1396","کنکور","تمرین هم‌سطح کنکور","","متوسط","با مقاومت ثابت و دو برابر شدن ولتاژ، جریان چه می‌شود؟","نصف","دو برابر","چهار برابر","ثابت","B","طبق قانون اهم جریان دو برابر می‌شود.","ترنم همدلی","original_analogous","1396"
"دوازدهم","تجربی","شیمی","شیمی کنکور 1396","کنکور","تمرین هم‌سطح کنکور","","متوسط","pH کمتر از 7 در شرایط معمول نشان‌دهنده چیست؟","محلول اسیدی","محلول خنثی","محلول بازی","فلز خالص","A","در شرایط معمول pH کمتر از 7 اسیدی است.","ترنم همدلی","original_analogous","1396"
"دوازدهم","تجربی","زیست‌شناسی","زیست‌شناسی کنکور 1396","کنکور","تمرین هم‌سطح کنکور","","متوسط","کدام یاخته در خون مسئول حمل اکسیژن است؟","پلاکت","گلبول قرمز","گلبول سفید","نورون","B","هموگلوبین گلبول قرمز اکسیژن را حمل می‌کند.","ترنم همدلی","original_analogous","1396"
"دوازدهم","تجربی","فیزیک","فیزیک کنکور 1396","کنکور","تمرین هم‌سطح کنکور","","متوسط","کار نیروی هم‌جهت با جابه‌جایی چگونه محاسبه می‌شود؟","F/d","F+d","F×d","F-d","C","در این حالت W=Fd است.","ترنم همدلی","original_analogous","1396"
"دوازدهم","تجربی","شیمی","شیمی کنکور 1396","کنکور","تمرین هم‌سطح کنکور","","متوسط","هیدروکربن‌ها از چه عناصری ساخته شده‌اند؟","کربن و اکسیژن","کربن و هیدروژن","هیدروژن و نیتروژن","اکسیژن و نیتروژن","B","هیدروکربن شامل کربن و هیدروژن است.","ترنم همدلی","original_analogous","1396"
"دوازدهم","تجربی","زیست‌شناسی","زیست‌شناسی کنکور 1396","کنکور","تمرین هم‌سطح کنکور","","متوسط","کدام فرایند تعداد کروموزوم‌های یاخته جنسی را نصف می‌کند؟","میتوز","میوز","ترجمه","رونویسی","B","میوز تعداد کروموزوم‌ها را نصف می‌کند.","ترنم همدلی","original_analogous","1396"
"دوازدهم","انسانی","اقتصاد","اقتصاد کنکور 1396","کنکور","تمرین هم‌سطح کنکور","","متوسط","کدام مورد از عوامل تولید محسوب می‌شود؟","سرمایه","رنگ","شانس","خاطره","A","سرمایه یکی از عوامل تولید است.","ترنم همدلی","original_analogous","1396"
"دوازدهم","انسانی","جامعه‌شناسی","جامعه‌شناسی کنکور 1396","کنکور","تمرین هم‌سطح کنکور","","متوسط","هویت اجتماعی بیشتر در چه بستری شکل می‌گیرد؟","تعامل اجتماعی","فقط قد","فقط آب‌وهوا","فقط سن","A","هویت اجتماعی در تعامل با جامعه شکل می‌گیرد.","ترنم همدلی","original_analogous","1396"
"دوازدهم","انسانی","روان‌شناسی","روان‌شناسی کنکور 1396","کنکور","تمرین هم‌سطح کنکور","","متوسط","ادراک به کدام فرایند نزدیک‌تر است؟","تفسیر اطلاعات حسی","تنفس","گردش خون","گوارش","A","ادراک شامل تفسیر و سازمان‌دهی اطلاعات حسی است.","ترنم همدلی","original_analogous","1396"
"دوازدهم","انسانی","فلسفه","فلسفه کنکور 1396","کنکور","تمرین هم‌سطح کنکور","","متوسط","برای ارزیابی یک ادعا کدام مورد اهمیت بیشتری دارد؟","دلیل و شواهد","بلندی صدا","تعداد کلمات","نام گوینده","A","اعتبار ادعا با دلیل و شواهد بررسی می‌شود.","ترنم همدلی","original_analogous","1396"
"دوازدهم","انسانی","علوم و فنون ادبی","علوم و فنون ادبی کنکور 1396","کنکور","تمرین هم‌سطح کنکور","","متوسط","مراعات نظیر بر چه اساسی شکل می‌گیرد؟","ارتباط معنایی واژه‌ها","تضاد کامل","تعداد هجاها","قافیه اجباری","A","واژه‌های مرتبط از یک حوزه معنایی می‌توانند مراعات نظیر بسازند.","ترنم همدلی","original_analogous","1396"
"دوازدهم","انسانی","عربی","عربی کنکور 1396","کنکور","تمرین هم‌سطح کنکور","","متوسط","ترجمه «لا تُهمِلْ دروسَک» چیست؟","درس‌هایت را رها نکن","درس‌هایت را خواندی","درس‌هایت را خواهی خواند","درس‌هایت را نوشتی","A","«لا تهمل» فعل نهی است.","ترنم همدلی","original_analogous","1396"
"دوازدهم","انسانی","انگلیسی","انگلیسی کنکور 1396","کنکور","تمرین هم‌سطح کنکور","","متوسط","کدام جمله از نظر گذشته ساده درست است؟","She visit us yesterday.","She visited us yesterday.","She visiting us yesterday.","She has visit yesterday.","B","visited شکل گذشته ساده فعل visit است.","ترنم همدلی","original_analogous","1396"
"دوازدهم","انسانی","تاریخ","تاریخ کنکور 1396","کنکور","تمرین هم‌سطح کنکور","","متوسط","برای بررسی یک رویداد تاریخی، کدام منبع مستقیم‌تر است؟","سند هم‌دوره","شایعه امروزی","نظر بدون منبع","حدس شخصی","A","سند هم‌دوره شاهد مستقیم‌تری است.","ترنم همدلی","original_analogous","1396"
"دوازدهم","انسانی","جغرافیا","جغرافیا کنکور 1396","کنکور","تمرین هم‌سطح کنکور","","متوسط","کدام عامل بر دمای یک منطقه اثر می‌گذارد؟","عرض جغرافیایی","نام شهر","شماره پلاک","رنگ ساختمان","A","عرض جغرافیایی بر دریافت انرژی خورشیدی اثر دارد.","ترنم همدلی","original_analogous","1396"
"دوازدهم","انسانی","منطق","منطق کنکور 1396","کنکور","تمرین هم‌سطح کنکور","","متوسط","کدام گزینه یک استدلال را کامل‌تر می‌کند؟","ارائه دلیل برای نتیجه","تکرار نتیجه","بلندتر گفتن جمله","حذف مقدمات","A","استدلال به دلیل و ارتباط منطقی نیاز دارد.","ترنم همدلی","original_analogous","1396"
"دوازدهم","ریاضی","ریاضی","ریاضی کنکور 1397","کنکور","تمرین هم‌سطح کنکور","","متوسط","اگر 3x-5=16 باشد، مقدار x کدام است؟","5","6","7","8","C","با افزودن 5 و تقسیم بر 3، x=7.","ترنم همدلی","original_analogous","1397"
"دوازدهم","ریاضی","ریاضی","ریاضی کنکور 1397","کنکور","تمرین هم‌سطح کنکور","","متوسط","اگر f(x)=2x+1 باشد، f(4) چند است؟","7","8","9","10","C","با جایگذاری 4، مقدار تابع 9 است.","ترنم همدلی","original_analogous","1397"
"دوازدهم","ریاضی","ریاضی","ریاضی کنکور 1397","کنکور","تمرین هم‌سطح کنکور","","متوسط","در یک تاس سالم احتمال آمدن عدد بزرگ‌تر از 4 چقدر است؟","1/6","1/3","1/2","2/3","B","دو حالت از شش حالت ممکن داریم.","ترنم همدلی","original_analogous","1397"
"دوازدهم","ریاضی","ریاضی","ریاضی کنکور 1397","کنکور","تمرین هم‌سطح کنکور","","متوسط","حاصل 2^5 ÷ 2^2 کدام است؟","2^2","2^3","2^7","2^10","B","در تقسیم توان‌های هم‌پایه، توان‌ها تفریق می‌شوند.","ترنم همدلی","original_analogous","1397"
"دوازدهم","ریاضی","ریاضی","ریاضی کنکور 1397","کنکور","تمرین هم‌سطح کنکور","","متوسط","مجموع زاویه‌های داخلی مثلث چند درجه است؟","90","180","270","360","B","مجموع زاویه‌های داخلی مثلث 180 درجه است.","ترنم همدلی","original_analogous","1397"
"دوازدهم","ریاضی","ریاضی","ریاضی کنکور 1397","کنکور","تمرین هم‌سطح کنکور","","متوسط","جمله بعدی دنباله 2، 5، 8، 11 کدام است؟","12","13","14","15","C","اختلاف جمله‌ها 3 است.","ترنم همدلی","original_analogous","1397"
"دوازدهم","ریاضی","ریاضی","ریاضی کنکور 1397","کنکور","تمرین هم‌سطح کنکور","","سخت","مشتق x^3 در x=2 کدام است؟","6","8","12","16","C","مشتق 3x² است و در 2 برابر 12 می‌شود.","ترنم همدلی","original_analogous","1397"
"دوازدهم","ریاضی","ریاضی","ریاضی کنکور 1397","کنکور","تمرین هم‌سطح کنکور","","متوسط","میانگین اعداد 4، 6 و 8 کدام است؟","5","6","7","8","B","جمع 18 و تعداد 3 است؛ میانگین 6.","ترنم همدلی","original_analogous","1397"
"دوازدهم","ریاضی","ریاضی","ریاضی کنکور 1397","کنکور","تمرین هم‌سطح کنکور","","متوسط","حل x+4<9 کدام است؟","x<5","x>5","x<13","x>13","A","با کم کردن 4، x<5.","ترنم همدلی","original_analogous","1397"
"دوازدهم","ریاضی","ریاضی","ریاضی کنکور 1397","کنکور","تمرین هم‌سطح کنکور","","متوسط","اگر دو بردار اندازه و جهت یکسان داشته باشند، چه رابطه‌ای دارند؟","متعامد","مساوی","مخالف","عمود","B","برابری بردارها یعنی اندازه و جهت یکسان.","ترنم همدلی","original_analogous","1397"
"دوازدهم","تجربی","زیست‌شناسی","زیست‌شناسی کنکور 1397","کنکور","تمرین هم‌سطح کنکور","","متوسط","کدام ساختار محل اصلی تبادل گاز در شش است؟","نای","نایژه","حبابک","حنجره","C","حبابک‌ها محل اصلی تبادل گازند.","ترنم همدلی","original_analogous","1397"
"دوازدهم","تجربی","زیست‌شناسی","زیست‌شناسی کنکور 1397","کنکور","تمرین هم‌سطح کنکور","","متوسط","کدام مولکول نقش اصلی در ذخیره اطلاعات وراثتی دارد؟","ATP","DNA","آب","گلوکز","B","اطلاعات وراثتی عمدتاً در DNA ذخیره می‌شود.","ترنم همدلی","original_analogous","1397"
"دوازدهم","تجربی","شیمی","شیمی کنکور 1397","کنکور","تمرین هم‌سطح کنکور","","متوسط","با ثابت بودن حجم، افزایش حل‌شونده چه اثری بر غلظت دارد؟","کاهش","افزایش","بدون تغییر","صفر شدن","B","با ثابت بودن حجم، غلظت افزایش می‌یابد.","ترنم همدلی","original_analogous","1397"
"دوازدهم","تجربی","فیزیک","فیزیک کنکور 1397","کنکور","تمرین هم‌سطح کنکور","","متوسط","اگر سرعت جسم دو برابر شود، انرژی جنبشی چند برابر می‌شود؟","2","3","4","8","C","انرژی جنبشی با مربع سرعت متناسب است.","ترنم همدلی","original_analogous","1397"
"دوازدهم","تجربی","فیزیک","فیزیک کنکور 1397","کنکور","تمرین هم‌سطح کنکور","","متوسط","با مقاومت ثابت و دو برابر شدن ولتاژ، جریان چه می‌شود؟","نصف","دو برابر","چهار برابر","ثابت","B","طبق قانون اهم جریان دو برابر می‌شود.","ترنم همدلی","original_analogous","1397"
"دوازدهم","تجربی","شیمی","شیمی کنکور 1397","کنکور","تمرین هم‌سطح کنکور","","متوسط","pH کمتر از 7 در شرایط معمول نشان‌دهنده چیست؟","محلول اسیدی","محلول خنثی","محلول بازی","فلز خالص","A","در شرایط معمول pH کمتر از 7 اسیدی است.","ترنم همدلی","original_analogous","1397"
"دوازدهم","تجربی","زیست‌شناسی","زیست‌شناسی کنکور 1397","کنکور","تمرین هم‌سطح کنکور","","متوسط","کدام یاخته در خون مسئول حمل اکسیژن است؟","پلاکت","گلبول قرمز","گلبول سفید","نورون","B","هموگلوبین گلبول قرمز اکسیژن را حمل می‌کند.","ترنم همدلی","original_analogous","1397"
"دوازدهم","تجربی","فیزیک","فیزیک کنکور 1397","کنکور","تمرین هم‌سطح کنکور","","متوسط","کار نیروی هم‌جهت با جابه‌جایی چگونه محاسبه می‌شود؟","F/d","F+d","F×d","F-d","C","در این حالت W=Fd است.","ترنم همدلی","original_analogous","1397"
"دوازدهم","تجربی","شیمی","شیمی کنکور 1397","کنکور","تمرین هم‌سطح کنکور","","متوسط","هیدروکربن‌ها از چه عناصری ساخته شده‌اند؟","کربن و اکسیژن","کربن و هیدروژن","هیدروژن و نیتروژن","اکسیژن و نیتروژن","B","هیدروکربن شامل کربن و هیدروژن است.","ترنم همدلی","original_analogous","1397"
"دوازدهم","تجربی","زیست‌شناسی","زیست‌شناسی کنکور 1397","کنکور","تمرین هم‌سطح کنکور","","متوسط","کدام فرایند تعداد کروموزوم‌های یاخته جنسی را نصف می‌کند؟","میتوز","میوز","ترجمه","رونویسی","B","میوز تعداد کروموزوم‌ها را نصف می‌کند.","ترنم همدلی","original_analogous","1397"
"دوازدهم","انسانی","اقتصاد","اقتصاد کنکور 1397","کنکور","تمرین هم‌سطح کنکور","","متوسط","کدام مورد از عوامل تولید محسوب می‌شود؟","سرمایه","رنگ","شانس","خاطره","A","سرمایه یکی از عوامل تولید است.","ترنم همدلی","original_analogous","1397"
"دوازدهم","انسانی","جامعه‌شناسی","جامعه‌شناسی کنکور 1397","کنکور","تمرین هم‌سطح کنکور","","متوسط","هویت اجتماعی بیشتر در چه بستری شکل می‌گیرد؟","تعامل اجتماعی","فقط قد","فقط آب‌وهوا","فقط سن","A","هویت اجتماعی در تعامل با جامعه شکل می‌گیرد.","ترنم همدلی","original_analogous","1397"
"دوازدهم","انسانی","روان‌شناسی","روان‌شناسی کنکور 1397","کنکور","تمرین هم‌سطح کنکور","","متوسط","ادراک به کدام فرایند نزدیک‌تر است؟","تفسیر اطلاعات حسی","تنفس","گردش خون","گوارش","A","ادراک شامل تفسیر و سازمان‌دهی اطلاعات حسی است.","ترنم همدلی","original_analogous","1397"
"دوازدهم","انسانی","فلسفه","فلسفه کنکور 1397","کنکور","تمرین هم‌سطح کنکور","","متوسط","برای ارزیابی یک ادعا کدام مورد اهمیت بیشتری دارد؟","دلیل و شواهد","بلندی صدا","تعداد کلمات","نام گوینده","A","اعتبار ادعا با دلیل و شواهد بررسی می‌شود.","ترنم همدلی","original_analogous","1397"
"دوازدهم","انسانی","علوم و فنون ادبی","علوم و فنون ادبی کنکور 1397","کنکور","تمرین هم‌سطح کنکور","","متوسط","مراعات نظیر بر چه اساسی شکل می‌گیرد؟","ارتباط معنایی واژه‌ها","تضاد کامل","تعداد هجاها","قافیه اجباری","A","واژه‌های مرتبط از یک حوزه معنایی می‌توانند مراعات نظیر بسازند.","ترنم همدلی","original_analogous","1397"
"دوازدهم","انسانی","عربی","عربی کنکور 1397","کنکور","تمرین هم‌سطح کنکور","","متوسط","ترجمه «لا تُهمِلْ دروسَک» چیست؟","درس‌هایت را رها نکن","درس‌هایت را خواندی","درس‌هایت را خواهی خواند","درس‌هایت را نوشتی","A","«لا تهمل» فعل نهی است.","ترنم همدلی","original_analogous","1397"
"دوازدهم","انسانی","انگلیسی","انگلیسی کنکور 1397","کنکور","تمرین هم‌سطح کنکور","","متوسط","کدام جمله از نظر گذشته ساده درست است؟","She visit us yesterday.","She visited us yesterday.","She visiting us yesterday.","She has visit yesterday.","B","visited شکل گذشته ساده فعل visit است.","ترنم همدلی","original_analogous","1397"
"دوازدهم","انسانی","تاریخ","تاریخ کنکور 1397","کنکور","تمرین هم‌سطح کنکور","","متوسط","برای بررسی یک رویداد تاریخی، کدام منبع مستقیم‌تر است؟","سند هم‌دوره","شایعه امروزی","نظر بدون منبع","حدس شخصی","A","سند هم‌دوره شاهد مستقیم‌تری است.","ترنم همدلی","original_analogous","1397"
"دوازدهم","انسانی","جغرافیا","جغرافیا کنکور 1397","کنکور","تمرین هم‌سطح کنکور","","متوسط","کدام عامل بر دمای یک منطقه اثر می‌گذارد؟","عرض جغرافیایی","نام شهر","شماره پلاک","رنگ ساختمان","A","عرض جغرافیایی بر دریافت انرژی خورشیدی اثر دارد.","ترنم همدلی","original_analogous","1397"
"دوازدهم","انسانی","منطق","منطق کنکور 1397","کنکور","تمرین هم‌سطح کنکور","","متوسط","کدام گزینه یک استدلال را کامل‌تر می‌کند؟","ارائه دلیل برای نتیجه","تکرار نتیجه","بلندتر گفتن جمله","حذف مقدمات","A","استدلال به دلیل و ارتباط منطقی نیاز دارد.","ترنم همدلی","original_analogous","1397"
"دوازدهم","ریاضی","ریاضی","ریاضی کنکور 1398","کنکور","تمرین هم‌سطح کنکور","","متوسط","اگر 3x-5=16 باشد، مقدار x کدام است؟","5","6","7","8","C","با افزودن 5 و تقسیم بر 3، x=7.","ترنم همدلی","original_analogous","1398"
"دوازدهم","ریاضی","ریاضی","ریاضی کنکور 1398","کنکور","تمرین هم‌سطح کنکور","","متوسط","اگر f(x)=2x+1 باشد، f(4) چند است؟","7","8","9","10","C","با جایگذاری 4، مقدار تابع 9 است.","ترنم همدلی","original_analogous","1398"
"دوازدهم","ریاضی","ریاضی","ریاضی کنکور 1398","کنکور","تمرین هم‌سطح کنکور","","متوسط","در یک تاس سالم احتمال آمدن عدد بزرگ‌تر از 4 چقدر است؟","1/6","1/3","1/2","2/3","B","دو حالت از شش حالت ممکن داریم.","ترنم همدلی","original_analogous","1398"
"دوازدهم","ریاضی","ریاضی","ریاضی کنکور 1398","کنکور","تمرین هم‌سطح کنکور","","متوسط","حاصل 2^5 ÷ 2^2 کدام است؟","2^2","2^3","2^7","2^10","B","در تقسیم توان‌های هم‌پایه، توان‌ها تفریق می‌شوند.","ترنم همدلی","original_analogous","1398"
"دوازدهم","ریاضی","ریاضی","ریاضی کنکور 1398","کنکور","تمرین هم‌سطح کنکور","","متوسط","مجموع زاویه‌های داخلی مثلث چند درجه است؟","90","180","270","360","B","مجموع زاویه‌های داخلی مثلث 180 درجه است.","ترنم همدلی","original_analogous","1398"
"دوازدهم","ریاضی","ریاضی","ریاضی کنکور 1398","کنکور","تمرین هم‌سطح کنکور","","متوسط","جمله بعدی دنباله 2، 5، 8، 11 کدام است؟","12","13","14","15","C","اختلاف جمله‌ها 3 است.","ترنم همدلی","original_analogous","1398"
"دوازدهم","ریاضی","ریاضی","ریاضی کنکور 1398","کنکور","تمرین هم‌سطح کنکور","","سخت","مشتق x^3 در x=2 کدام است؟","6","8","12","16","C","مشتق 3x² است و در 2 برابر 12 می‌شود.","ترنم همدلی","original_analogous","1398"
"دوازدهم","ریاضی","ریاضی","ریاضی کنکور 1398","کنکور","تمرین هم‌سطح کنکور","","متوسط","میانگین اعداد 4، 6 و 8 کدام است؟","5","6","7","8","B","جمع 18 و تعداد 3 است؛ میانگین 6.","ترنم همدلی","original_analogous","1398"
"دوازدهم","ریاضی","ریاضی","ریاضی کنکور 1398","کنکور","تمرین هم‌سطح کنکور","","متوسط","حل x+4<9 کدام است؟","x<5","x>5","x<13","x>13","A","با کم کردن 4، x<5.","ترنم همدلی","original_analogous","1398"
"دوازدهم","ریاضی","ریاضی","ریاضی کنکور 1398","کنکور","تمرین هم‌سطح کنکور","","متوسط","اگر دو بردار اندازه و جهت یکسان داشته باشند، چه رابطه‌ای دارند؟","متعامد","مساوی","مخالف","عمود","B","برابری بردارها یعنی اندازه و جهت یکسان.","ترنم همدلی","original_analogous","1398"
"دوازدهم","تجربی","زیست‌شناسی","زیست‌شناسی کنکور 1398","کنکور","تمرین هم‌سطح کنکور","","متوسط","کدام ساختار محل اصلی تبادل گاز در شش است؟","نای","نایژه","حبابک","حنجره","C","حبابک‌ها محل اصلی تبادل گازند.","ترنم همدلی","original_analogous","1398"
"دوازدهم","تجربی","زیست‌شناسی","زیست‌شناسی کنکور 1398","کنکور","تمرین هم‌سطح کنکور","","متوسط","کدام مولکول نقش اصلی در ذخیره اطلاعات وراثتی دارد؟","ATP","DNA","آب","گلوکز","B","اطلاعات وراثتی عمدتاً در DNA ذخیره می‌شود.","ترنم همدلی","original_analogous","1398"
"دوازدهم","تجربی","شیمی","شیمی کنکور 1398","کنکور","تمرین هم‌سطح کنکور","","متوسط","با ثابت بودن حجم، افزایش حل‌شونده چه اثری بر غلظت دارد؟","کاهش","افزایش","بدون تغییر","صفر شدن","B","با ثابت بودن حجم، غلظت افزایش می‌یابد.","ترنم همدلی","original_analogous","1398"
"دوازدهم","تجربی","فیزیک","فیزیک کنکور 1398","کنکور","تمرین هم‌سطح کنکور","","متوسط","اگر سرعت جسم دو برابر شود، انرژی جنبشی چند برابر می‌شود؟","2","3","4","8","C","انرژی جنبشی با مربع سرعت متناسب است.","ترنم همدلی","original_analogous","1398"
"دوازدهم","تجربی","فیزیک","فیزیک کنکور 1398","کنکور","تمرین هم‌سطح کنکور","","متوسط","با مقاومت ثابت و دو برابر شدن ولتاژ، جریان چه می‌شود؟","نصف","دو برابر","چهار برابر","ثابت","B","طبق قانون اهم جریان دو برابر می‌شود.","ترنم همدلی","original_analogous","1398"
"دوازدهم","تجربی","شیمی","شیمی کنکور 1398","کنکور","تمرین هم‌سطح کنکور","","متوسط","pH کمتر از 7 در شرایط معمول نشان‌دهنده چیست؟","محلول اسیدی","محلول خنثی","محلول بازی","فلز خالص","A","در شرایط معمول pH کمتر از 7 اسیدی است.","ترنم همدلی","original_analogous","1398"
"دوازدهم","تجربی","زیست‌شناسی","زیست‌شناسی کنکور 1398","کنکور","تمرین هم‌سطح کنکور","","متوسط","کدام یاخته در خون مسئول حمل اکسیژن است؟","پلاکت","گلبول قرمز","گلبول سفید","نورون","B","هموگلوبین گلبول قرمز اکسیژن را حمل می‌کند.","ترنم همدلی","original_analogous","1398"
"دوازدهم","تجربی","فیزیک","فیزیک کنکور 1398","کنکور","تمرین هم‌سطح کنکور","","متوسط","کار نیروی هم‌جهت با جابه‌جایی چگونه محاسبه می‌شود؟","F/d","F+d","F×d","F-d","C","در این حالت W=Fd است.","ترنم همدلی","original_analogous","1398"
"دوازدهم","تجربی","شیمی","شیمی کنکور 1398","کنکور","تمرین هم‌سطح کنکور","","متوسط","هیدروکربن‌ها از چه عناصری ساخته شده‌اند؟","کربن و اکسیژن","کربن و هیدروژن","هیدروژن و نیتروژن","اکسیژن و نیتروژن","B","هیدروکربن شامل کربن و هیدروژن است.","ترنم همدلی","original_analogous","1398"
"دوازدهم","تجربی","زیست‌شناسی","زیست‌شناسی کنکور 1398","کنکور","تمرین هم‌سطح کنکور","","متوسط","کدام فرایند تعداد کروموزوم‌های یاخته جنسی را نصف می‌کند؟","میتوز","میوز","ترجمه","رونویسی","B","میوز تعداد کروموزوم‌ها را نصف می‌کند.","ترنم همدلی","original_analogous","1398"
"دوازدهم","انسانی","اقتصاد","اقتصاد کنکور 1398","کنکور","تمرین هم‌سطح کنکور","","متوسط","کدام مورد از عوامل تولید محسوب می‌شود؟","سرمایه","رنگ","شانس","خاطره","A","سرمایه یکی از عوامل تولید است.","ترنم همدلی","original_analogous","1398"
"دوازدهم","انسانی","جامعه‌شناسی","جامعه‌شناسی کنکور 1398","کنکور","تمرین هم‌سطح کنکور","","متوسط","هویت اجتماعی بیشتر در چه بستری شکل می‌گیرد؟","تعامل اجتماعی","فقط قد","فقط آب‌وهوا","فقط سن","A","هویت اجتماعی در تعامل با جامعه شکل می‌گیرد.","ترنم همدلی","original_analogous","1398"
"دوازدهم","انسانی","روان‌شناسی","روان‌شناسی کنکور 1398","کنکور","تمرین هم‌سطح کنکور","","متوسط","ادراک به کدام فرایند نزدیک‌تر است؟","تفسیر اطلاعات حسی","تنفس","گردش خون","گوارش","A","ادراک شامل تفسیر و سازمان‌دهی اطلاعات حسی است.","ترنم همدلی","original_analogous","1398"
"دوازدهم","انسانی","فلسفه","فلسفه کنکور 1398","کنکور","تمرین هم‌سطح کنکور","","متوسط","برای ارزیابی یک ادعا کدام مورد اهمیت بیشتری دارد؟","دلیل و شواهد","بلندی صدا","تعداد کلمات","نام گوینده","A","اعتبار ادعا با دلیل و شواهد بررسی می‌شود.","ترنم همدلی","original_analogous","1398"
"دوازدهم","انسانی","علوم و فنون ادبی","علوم و فنون ادبی کنکور 1398","کنکور","تمرین هم‌سطح کنکور","","متوسط","مراعات نظیر بر چه اساسی شکل می‌گیرد؟","ارتباط معنایی واژه‌ها","تضاد کامل","تعداد هجاها","قافیه اجباری","A","واژه‌های مرتبط از یک حوزه معنایی می‌توانند مراعات نظیر بسازند.","ترنم همدلی","original_analogous","1398"
"دوازدهم","انسانی","عربی","عربی کنکور 1398","کنکور","تمرین هم‌سطح کنکور","","متوسط","ترجمه «لا تُهمِلْ دروسَک» چیست؟","درس‌هایت را رها نکن","درس‌هایت را خواندی","درس‌هایت را خواهی خواند","درس‌هایت را نوشتی","A","«لا تهمل» فعل نهی است.","ترنم همدلی","original_analogous","1398"
"دوازدهم","انسانی","انگلیسی","انگلیسی کنکور 1398","کنکور","تمرین هم‌سطح کنکور","","متوسط","کدام جمله از نظر گذشته ساده درست است؟","She visit us yesterday.","She visited us yesterday.","She visiting us yesterday.","She has visit yesterday.","B","visited شکل گذشته ساده فعل visit است.","ترنم همدلی","original_analogous","1398"
"دوازدهم","انسانی","تاریخ","تاریخ کنکور 1398","کنکور","تمرین هم‌سطح کنکور","","متوسط","برای بررسی یک رویداد تاریخی، کدام منبع مستقیم‌تر است؟","سند هم‌دوره","شایعه امروزی","نظر بدون منبع","حدس شخصی","A","سند هم‌دوره شاهد مستقیم‌تری است.","ترنم همدلی","original_analogous","1398"
"دوازدهم","انسانی","جغرافیا","جغرافیا کنکور 1398","کنکور","تمرین هم‌سطح کنکور","","متوسط","کدام عامل بر دمای یک منطقه اثر می‌گذارد؟","عرض جغرافیایی","نام شهر","شماره پلاک","رنگ ساختمان","A","عرض جغرافیایی بر دریافت انرژی خورشیدی اثر دارد.","ترنم همدلی","original_analogous","1398"
"دوازدهم","انسانی","منطق","منطق کنکور 1398","کنکور","تمرین هم‌سطح کنکور","","متوسط","کدام گزینه یک استدلال را کامل‌تر می‌کند؟","ارائه دلیل برای نتیجه","تکرار نتیجه","بلندتر گفتن جمله","حذف مقدمات","A","استدلال به دلیل و ارتباط منطقی نیاز دارد.","ترنم همدلی","original_analogous","1398"
"دوازدهم","ریاضی","ریاضی","ریاضی کنکور 1399","کنکور","تمرین هم‌سطح کنکور","","متوسط","اگر 3x-5=16 باشد، مقدار x کدام است؟","5","6","7","8","C","با افزودن 5 و تقسیم بر 3، x=7.","ترنم همدلی","original_analogous","1399"
"دوازدهم","ریاضی","ریاضی","ریاضی کنکور 1399","کنکور","تمرین هم‌سطح کنکور","","متوسط","اگر f(x)=2x+1 باشد، f(4) چند است؟","7","8","9","10","C","با جایگذاری 4، مقدار تابع 9 است.","ترنم همدلی","original_analogous","1399"
"دوازدهم","ریاضی","ریاضی","ریاضی کنکور 1399","کنکور","تمرین هم‌سطح کنکور","","متوسط","در یک تاس سالم احتمال آمدن عدد بزرگ‌تر از 4 چقدر است؟","1/6","1/3","1/2","2/3","B","دو حالت از شش حالت ممکن داریم.","ترنم همدلی","original_analogous","1399"
"دوازدهم","ریاضی","ریاضی","ریاضی کنکور 1399","کنکور","تمرین هم‌سطح کنکور","","متوسط","حاصل 2^5 ÷ 2^2 کدام است؟","2^2","2^3","2^7","2^10","B","در تقسیم توان‌های هم‌پایه، توان‌ها تفریق می‌شوند.","ترنم همدلی","original_analogous","1399"
"دوازدهم","ریاضی","ریاضی","ریاضی کنکور 1399","کنکور","تمرین هم‌سطح کنکور","","متوسط","مجموع زاویه‌های داخلی مثلث چند درجه است؟","90","180","270","360","B","مجموع زاویه‌های داخلی مثلث 180 درجه است.","ترنم همدلی","original_analogous","1399"
"دوازدهم","ریاضی","ریاضی","ریاضی کنکور 1399","کنکور","تمرین هم‌سطح کنکور","","متوسط","جمله بعدی دنباله 2، 5، 8، 11 کدام است؟","12","13","14","15","C","اختلاف جمله‌ها 3 است.","ترنم همدلی","original_analogous","1399"
"دوازدهم","ریاضی","ریاضی","ریاضی کنکور 1399","کنکور","تمرین هم‌سطح کنکور","","سخت","مشتق x^3 در x=2 کدام است؟","6","8","12","16","C","مشتق 3x² است و در 2 برابر 12 می‌شود.","ترنم همدلی","original_analogous","1399"
"دوازدهم","ریاضی","ریاضی","ریاضی کنکور 1399","کنکور","تمرین هم‌سطح کنکور","","متوسط","میانگین اعداد 4، 6 و 8 کدام است؟","5","6","7","8","B","جمع 18 و تعداد 3 است؛ میانگین 6.","ترنم همدلی","original_analogous","1399"
"دوازدهم","ریاضی","ریاضی","ریاضی کنکور 1399","کنکور","تمرین هم‌سطح کنکور","","متوسط","حل x+4<9 کدام است؟","x<5","x>5","x<13","x>13","A","با کم کردن 4، x<5.","ترنم همدلی","original_analogous","1399"
"دوازدهم","ریاضی","ریاضی","ریاضی کنکور 1399","کنکور","تمرین هم‌سطح کنکور","","متوسط","اگر دو بردار اندازه و جهت یکسان داشته باشند، چه رابطه‌ای دارند؟","متعامد","مساوی","مخالف","عمود","B","برابری بردارها یعنی اندازه و جهت یکسان.","ترنم همدلی","original_analogous","1399"
"دوازدهم","تجربی","زیست‌شناسی","زیست‌شناسی کنکور 1399","کنکور","تمرین هم‌سطح کنکور","","متوسط","کدام ساختار محل اصلی تبادل گاز در شش است؟","نای","نایژه","حبابک","حنجره","C","حبابک‌ها محل اصلی تبادل گازند.","ترنم همدلی","original_analogous","1399"
"دوازدهم","تجربی","زیست‌شناسی","زیست‌شناسی کنکور 1399","کنکور","تمرین هم‌سطح کنکور","","متوسط","کدام مولکول نقش اصلی در ذخیره اطلاعات وراثتی دارد؟","ATP","DNA","آب","گلوکز","B","اطلاعات وراثتی عمدتاً در DNA ذخیره می‌شود.","ترنم همدلی","original_analogous","1399"
"دوازدهم","تجربی","شیمی","شیمی کنکور 1399","کنکور","تمرین هم‌سطح کنکور","","متوسط","با ثابت بودن حجم، افزایش حل‌شونده چه اثری بر غلظت دارد؟","کاهش","افزایش","بدون تغییر","صفر شدن","B","با ثابت بودن حجم، غلظت افزایش می‌یابد.","ترنم همدلی","original_analogous","1399"
"دوازدهم","تجربی","فیزیک","فیزیک کنکور 1399","کنکور","تمرین هم‌سطح کنکور","","متوسط","اگر سرعت جسم دو برابر شود، انرژی جنبشی چند برابر می‌شود؟","2","3","4","8","C","انرژی جنبشی با مربع سرعت متناسب است.","ترنم همدلی","original_analogous","1399"
"دوازدهم","تجربی","فیزیک","فیزیک کنکور 1399","کنکور","تمرین هم‌سطح کنکور","","متوسط","با مقاومت ثابت و دو برابر شدن ولتاژ، جریان چه می‌شود؟","نصف","دو برابر","چهار برابر","ثابت","B","طبق قانون اهم جریان دو برابر می‌شود.","ترنم همدلی","original_analogous","1399"
"دوازدهم","تجربی","شیمی","شیمی کنکور 1399","کنکور","تمرین هم‌سطح کنکور","","متوسط","pH کمتر از 7 در شرایط معمول نشان‌دهنده چیست؟","محلول اسیدی","محلول خنثی","محلول بازی","فلز خالص","A","در شرایط معمول pH کمتر از 7 اسیدی است.","ترنم همدلی","original_analogous","1399"
"دوازدهم","تجربی","زیست‌شناسی","زیست‌شناسی کنکور 1399","کنکور","تمرین هم‌سطح کنکور","","متوسط","کدام یاخته در خون مسئول حمل اکسیژن است؟","پلاکت","گلبول قرمز","گلبول سفید","نورون","B","هموگلوبین گلبول قرمز اکسیژن را حمل می‌کند.","ترنم همدلی","original_analogous","1399"
"دوازدهم","تجربی","فیزیک","فیزیک کنکور 1399","کنکور","تمرین هم‌سطح کنکور","","متوسط","کار نیروی هم‌جهت با جابه‌جایی چگونه محاسبه می‌شود؟","F/d","F+d","F×d","F-d","C","در این حالت W=Fd است.","ترنم همدلی","original_analogous","1399"
"دوازدهم","تجربی","شیمی","شیمی کنکور 1399","کنکور","تمرین هم‌سطح کنکور","","متوسط","هیدروکربن‌ها از چه عناصری ساخته شده‌اند؟","کربن و اکسیژن","کربن و هیدروژن","هیدروژن و نیتروژن","اکسیژن و نیتروژن","B","هیدروکربن شامل کربن و هیدروژن است.","ترنم همدلی","original_analogous","1399"
"دوازدهم","تجربی","زیست‌شناسی","زیست‌شناسی کنکور 1399","کنکور","تمرین هم‌سطح کنکور","","متوسط","کدام فرایند تعداد کروموزوم‌های یاخته جنسی را نصف می‌کند؟","میتوز","میوز","ترجمه","رونویسی","B","میوز تعداد کروموزوم‌ها را نصف می‌کند.","ترنم همدلی","original_analogous","1399"
"دوازدهم","انسانی","اقتصاد","اقتصاد کنکور 1399","کنکور","تمرین هم‌سطح کنکور","","متوسط","کدام مورد از عوامل تولید محسوب می‌شود؟","سرمایه","رنگ","شانس","خاطره","A","سرمایه یکی از عوامل تولید است.","ترنم همدلی","original_analogous","1399"
"دوازدهم","انسانی","جامعه‌شناسی","جامعه‌شناسی کنکور 1399","کنکور","تمرین هم‌سطح کنکور","","متوسط","هویت اجتماعی بیشتر در چه بستری شکل می‌گیرد؟","تعامل اجتماعی","فقط قد","فقط آب‌وهوا","فقط سن","A","هویت اجتماعی در تعامل با جامعه شکل می‌گیرد.","ترنم همدلی","original_analogous","1399"
"دوازدهم","انسانی","روان‌شناسی","روان‌شناسی کنکور 1399","کنکور","تمرین هم‌سطح کنکور","","متوسط","ادراک به کدام فرایند نزدیک‌تر است؟","تفسیر اطلاعات حسی","تنفس","گردش خون","گوارش","A","ادراک شامل تفسیر و سازمان‌دهی اطلاعات حسی است.","ترنم همدلی","original_analogous","1399"
"دوازدهم","انسانی","فلسفه","فلسفه کنکور 1399","کنکور","تمرین هم‌سطح کنکور","","متوسط","برای ارزیابی یک ادعا کدام مورد اهمیت بیشتری دارد؟","دلیل و شواهد","بلندی صدا","تعداد کلمات","نام گوینده","A","اعتبار ادعا با دلیل و شواهد بررسی می‌شود.","ترنم همدلی","original_analogous","1399"
"دوازدهم","انسانی","علوم و فنون ادبی","علوم و فنون ادبی کنکور 1399","کنکور","تمرین هم‌سطح کنکور","","متوسط","مراعات نظیر بر چه اساسی شکل می‌گیرد؟","ارتباط معنایی واژه‌ها","تضاد کامل","تعداد هجاها","قافیه اجباری","A","واژه‌های مرتبط از یک حوزه معنایی می‌توانند مراعات نظیر بسازند.","ترنم همدلی","original_analogous","1399"
"دوازدهم","انسانی","عربی","عربی کنکور 1399","کنکور","تمرین هم‌سطح کنکور","","متوسط","ترجمه «لا تُهمِلْ دروسَک» چیست؟","درس‌هایت را رها نکن","درس‌هایت را خواندی","درس‌هایت را خواهی خواند","درس‌هایت را نوشتی","A","«لا تهمل» فعل نهی است.","ترنم همدلی","original_analogous","1399"
"دوازدهم","انسانی","انگلیسی","انگلیسی کنکور 1399","کنکور","تمرین هم‌سطح کنکور","","متوسط","کدام جمله از نظر گذشته ساده درست است؟","She visit us yesterday.","She visited us yesterday.","She visiting us yesterday.","She has visit yesterday.","B","visited شکل گذشته ساده فعل visit است.","ترنم همدلی","original_analogous","1399"
"دوازدهم","انسانی","تاریخ","تاریخ کنکور 1399","کنکور","تمرین هم‌سطح کنکور","","متوسط","برای بررسی یک رویداد تاریخی، کدام منبع مستقیم‌تر است؟","سند هم‌دوره","شایعه امروزی","نظر بدون منبع","حدس شخصی","A","سند هم‌دوره شاهد مستقیم‌تری است.","ترنم همدلی","original_analogous","1399"
"دوازدهم","انسانی","جغرافیا","جغرافیا کنکور 1399","کنکور","تمرین هم‌سطح کنکور","","متوسط","کدام عامل بر دمای یک منطقه اثر می‌گذارد؟","عرض جغرافیایی","نام شهر","شماره پلاک","رنگ ساختمان","A","عرض جغرافیایی بر دریافت انرژی خورشیدی اثر دارد.","ترنم همدلی","original_analogous","1399"
"دوازدهم","انسانی","منطق","منطق کنکور 1399","کنکور","تمرین هم‌سطح کنکور","","متوسط","کدام گزینه یک استدلال را کامل‌تر می‌کند؟","ارائه دلیل برای نتیجه","تکرار نتیجه","بلندتر گفتن جمله","حذف مقدمات","A","استدلال به دلیل و ارتباط منطقی نیاز دارد.","ترنم همدلی","original_analogous","1399"
"دوازدهم","ریاضی","ریاضی","ریاضی کنکور 1400","کنکور","تمرین هم‌سطح کنکور","","متوسط","اگر 3x-5=16 باشد، مقدار x کدام است؟","5","6","7","8","C","با افزودن 5 و تقسیم بر 3، x=7.","ترنم همدلی","original_analogous","1400"
"دوازدهم","ریاضی","ریاضی","ریاضی کنکور 1400","کنکور","تمرین هم‌سطح کنکور","","متوسط","اگر f(x)=2x+1 باشد، f(4) چند است؟","7","8","9","10","C","با جایگذاری 4، مقدار تابع 9 است.","ترنم همدلی","original_analogous","1400"
"دوازدهم","ریاضی","ریاضی","ریاضی کنکور 1400","کنکور","تمرین هم‌سطح کنکور","","متوسط","در یک تاس سالم احتمال آمدن عدد بزرگ‌تر از 4 چقدر است؟","1/6","1/3","1/2","2/3","B","دو حالت از شش حالت ممکن داریم.","ترنم همدلی","original_analogous","1400"
"دوازدهم","ریاضی","ریاضی","ریاضی کنکور 1400","کنکور","تمرین هم‌سطح کنکور","","متوسط","حاصل 2^5 ÷ 2^2 کدام است؟","2^2","2^3","2^7","2^10","B","در تقسیم توان‌های هم‌پایه، توان‌ها تفریق می‌شوند.","ترنم همدلی","original_analogous","1400"
"دوازدهم","ریاضی","ریاضی","ریاضی کنکور 1400","کنکور","تمرین هم‌سطح کنکور","","متوسط","مجموع زاویه‌های داخلی مثلث چند درجه است؟","90","180","270","360","B","مجموع زاویه‌های داخلی مثلث 180 درجه است.","ترنم همدلی","original_analogous","1400"
"دوازدهم","ریاضی","ریاضی","ریاضی کنکور 1400","کنکور","تمرین هم‌سطح کنکور","","متوسط","جمله بعدی دنباله 2، 5، 8، 11 کدام است؟","12","13","14","15","C","اختلاف جمله‌ها 3 است.","ترنم همدلی","original_analogous","1400"
"دوازدهم","ریاضی","ریاضی","ریاضی کنکور 1400","کنکور","تمرین هم‌سطح کنکور","","سخت","مشتق x^3 در x=2 کدام است؟","6","8","12","16","C","مشتق 3x² است و در 2 برابر 12 می‌شود.","ترنم همدلی","original_analogous","1400"
"دوازدهم","ریاضی","ریاضی","ریاضی کنکور 1400","کنکور","تمرین هم‌سطح کنکور","","متوسط","میانگین اعداد 4، 6 و 8 کدام است؟","5","6","7","8","B","جمع 18 و تعداد 3 است؛ میانگین 6.","ترنم همدلی","original_analogous","1400"
"دوازدهم","ریاضی","ریاضی","ریاضی کنکور 1400","کنکور","تمرین هم‌سطح کنکور","","متوسط","حل x+4<9 کدام است؟","x<5","x>5","x<13","x>13","A","با کم کردن 4، x<5.","ترنم همدلی","original_analogous","1400"
"دوازدهم","ریاضی","ریاضی","ریاضی کنکور 1400","کنکور","تمرین هم‌سطح کنکور","","متوسط","اگر دو بردار اندازه و جهت یکسان داشته باشند، چه رابطه‌ای دارند؟","متعامد","مساوی","مخالف","عمود","B","برابری بردارها یعنی اندازه و جهت یکسان.","ترنم همدلی","original_analogous","1400"
"دوازدهم","تجربی","زیست‌شناسی","زیست‌شناسی کنکور 1400","کنکور","تمرین هم‌سطح کنکور","","متوسط","کدام ساختار محل اصلی تبادل گاز در شش است؟","نای","نایژه","حبابک","حنجره","C","حبابک‌ها محل اصلی تبادل گازند.","ترنم همدلی","original_analogous","1400"
"دوازدهم","تجربی","زیست‌شناسی","زیست‌شناسی کنکور 1400","کنکور","تمرین هم‌سطح کنکور","","متوسط","کدام مولکول نقش اصلی در ذخیره اطلاعات وراثتی دارد؟","ATP","DNA","آب","گلوکز","B","اطلاعات وراثتی عمدتاً در DNA ذخیره می‌شود.","ترنم همدلی","original_analogous","1400"
"دوازدهم","تجربی","شیمی","شیمی کنکور 1400","کنکور","تمرین هم‌سطح کنکور","","متوسط","با ثابت بودن حجم، افزایش حل‌شونده چه اثری بر غلظت دارد؟","کاهش","افزایش","بدون تغییر","صفر شدن","B","با ثابت بودن حجم، غلظت افزایش می‌یابد.","ترنم همدلی","original_analogous","1400"
"دوازدهم","تجربی","فیزیک","فیزیک کنکور 1400","کنکور","تمرین هم‌سطح کنکور","","متوسط","اگر سرعت جسم دو برابر شود، انرژی جنبشی چند برابر می‌شود؟","2","3","4","8","C","انرژی جنبشی با مربع سرعت متناسب است.","ترنم همدلی","original_analogous","1400"
"دوازدهم","تجربی","فیزیک","فیزیک کنکور 1400","کنکور","تمرین هم‌سطح کنکور","","متوسط","با مقاومت ثابت و دو برابر شدن ولتاژ، جریان چه می‌شود؟","نصف","دو برابر","چهار برابر","ثابت","B","طبق قانون اهم جریان دو برابر می‌شود.","ترنم همدلی","original_analogous","1400"
"دوازدهم","تجربی","شیمی","شیمی کنکور 1400","کنکور","تمرین هم‌سطح کنکور","","متوسط","pH کمتر از 7 در شرایط معمول نشان‌دهنده چیست؟","محلول اسیدی","محلول خنثی","محلول بازی","فلز خالص","A","در شرایط معمول pH کمتر از 7 اسیدی است.","ترنم همدلی","original_analogous","1400"
"دوازدهم","تجربی","زیست‌شناسی","زیست‌شناسی کنکور 1400","کنکور","تمرین هم‌سطح کنکور","","متوسط","کدام یاخته در خون مسئول حمل اکسیژن است؟","پلاکت","گلبول قرمز","گلبول سفید","نورون","B","هموگلوبین گلبول قرمز اکسیژن را حمل می‌کند.","ترنم همدلی","original_analogous","1400"
"دوازدهم","تجربی","فیزیک","فیزیک کنکور 1400","کنکور","تمرین هم‌سطح کنکور","","متوسط","کار نیروی هم‌جهت با جابه‌جایی چگونه محاسبه می‌شود؟","F/d","F+d","F×d","F-d","C","در این حالت W=Fd است.","ترنم همدلی","original_analogous","1400"
"دوازدهم","تجربی","شیمی","شیمی کنکور 1400","کنکور","تمرین هم‌سطح کنکور","","متوسط","هیدروکربن‌ها از چه عناصری ساخته شده‌اند؟","کربن و اکسیژن","کربن و هیدروژن","هیدروژن و نیتروژن","اکسیژن و نیتروژن","B","هیدروکربن شامل کربن و هیدروژن است.","ترنم همدلی","original_analogous","1400"
"دوازدهم","تجربی","زیست‌شناسی","زیست‌شناسی کنکور 1400","کنکور","تمرین هم‌سطح کنکور","","متوسط","کدام فرایند تعداد کروموزوم‌های یاخته جنسی را نصف می‌کند؟","میتوز","میوز","ترجمه","رونویسی","B","میوز تعداد کروموزوم‌ها را نصف می‌کند.","ترنم همدلی","original_analogous","1400"
"دوازدهم","انسانی","اقتصاد","اقتصاد کنکور 1400","کنکور","تمرین هم‌سطح کنکور","","متوسط","کدام مورد از عوامل تولید محسوب می‌شود؟","سرمایه","رنگ","شانس","خاطره","A","سرمایه یکی از عوامل تولید است.","ترنم همدلی","original_analogous","1400"
"دوازدهم","انسانی","جامعه‌شناسی","جامعه‌شناسی کنکور 1400","کنکور","تمرین هم‌سطح کنکور","","متوسط","هویت اجتماعی بیشتر در چه بستری شکل می‌گیرد؟","تعامل اجتماعی","فقط قد","فقط آب‌وهوا","فقط سن","A","هویت اجتماعی در تعامل با جامعه شکل می‌گیرد.","ترنم همدلی","original_analogous","1400"
"دوازدهم","انسانی","روان‌شناسی","روان‌شناسی کنکور 1400","کنکور","تمرین هم‌سطح کنکور","","متوسط","ادراک به کدام فرایند نزدیک‌تر است؟","تفسیر اطلاعات حسی","تنفس","گردش خون","گوارش","A","ادراک شامل تفسیر و سازمان‌دهی اطلاعات حسی است.","ترنم همدلی","original_analogous","1400"
"دوازدهم","انسانی","فلسفه","فلسفه کنکور 1400","کنکور","تمرین هم‌سطح کنکور","","متوسط","برای ارزیابی یک ادعا کدام مورد اهمیت بیشتری دارد؟","دلیل و شواهد","بلندی صدا","تعداد کلمات","نام گوینده","A","اعتبار ادعا با دلیل و شواهد بررسی می‌شود.","ترنم همدلی","original_analogous","1400"
"دوازدهم","انسانی","علوم و فنون ادبی","علوم و فنون ادبی کنکور 1400","کنکور","تمرین هم‌سطح کنکور","","متوسط","مراعات نظیر بر چه اساسی شکل می‌گیرد؟","ارتباط معنایی واژه‌ها","تضاد کامل","تعداد هجاها","قافیه اجباری","A","واژه‌های مرتبط از یک حوزه معنایی می‌توانند مراعات نظیر بسازند.","ترنم همدلی","original_analogous","1400"
"دوازدهم","انسانی","عربی","عربی کنکور 1400","کنکور","تمرین هم‌سطح کنکور","","متوسط","ترجمه «لا تُهمِلْ دروسَک» چیست؟","درس‌هایت را رها نکن","درس‌هایت را خواندی","درس‌هایت را خواهی خواند","درس‌هایت را نوشتی","A","«لا تهمل» فعل نهی است.","ترنم همدلی","original_analogous","1400"
"دوازدهم","انسانی","انگلیسی","انگلیسی کنکور 1400","کنکور","تمرین هم‌سطح کنکور","","متوسط","کدام جمله از نظر گذشته ساده درست است؟","She visit us yesterday.","She visited us yesterday.","She visiting us yesterday.","She has visit yesterday.","B","visited شکل گذشته ساده فعل visit است.","ترنم همدلی","original_analogous","1400"
"دوازدهم","انسانی","تاریخ","تاریخ کنکور 1400","کنکور","تمرین هم‌سطح کنکور","","متوسط","برای بررسی یک رویداد تاریخی، کدام منبع مستقیم‌تر است؟","سند هم‌دوره","شایعه امروزی","نظر بدون منبع","حدس شخصی","A","سند هم‌دوره شاهد مستقیم‌تری است.","ترنم همدلی","original_analogous","1400"
"دوازدهم","انسانی","جغرافیا","جغرافیا کنکور 1400","کنکور","تمرین هم‌سطح کنکور","","متوسط","کدام عامل بر دمای یک منطقه اثر می‌گذارد؟","عرض جغرافیایی","نام شهر","شماره پلاک","رنگ ساختمان","A","عرض جغرافیایی بر دریافت انرژی خورشیدی اثر دارد.","ترنم همدلی","original_analogous","1400"
"دوازدهم","انسانی","منطق","منطق کنکور 1400","کنکور","تمرین هم‌سطح کنکور","","متوسط","کدام گزینه یک استدلال را کامل‌تر می‌کند؟","ارائه دلیل برای نتیجه","تکرار نتیجه","بلندتر گفتن جمله","حذف مقدمات","A","استدلال به دلیل و ارتباط منطقی نیاز دارد.","ترنم همدلی","original_analogous","1400"
"دوازدهم","ریاضی","ریاضی","ریاضی کنکور 1401","کنکور","تمرین هم‌سطح کنکور","","متوسط","اگر 3x-5=16 باشد، مقدار x کدام است؟","5","6","7","8","C","با افزودن 5 و تقسیم بر 3، x=7.","ترنم همدلی","original_analogous","1401"
"دوازدهم","ریاضی","ریاضی","ریاضی کنکور 1401","کنکور","تمرین هم‌سطح کنکور","","متوسط","اگر f(x)=2x+1 باشد، f(4) چند است؟","7","8","9","10","C","با جایگذاری 4، مقدار تابع 9 است.","ترنم همدلی","original_analogous","1401"
"دوازدهم","ریاضی","ریاضی","ریاضی کنکور 1401","کنکور","تمرین هم‌سطح کنکور","","متوسط","در یک تاس سالم احتمال آمدن عدد بزرگ‌تر از 4 چقدر است؟","1/6","1/3","1/2","2/3","B","دو حالت از شش حالت ممکن داریم.","ترنم همدلی","original_analogous","1401"
"دوازدهم","ریاضی","ریاضی","ریاضی کنکور 1401","کنکور","تمرین هم‌سطح کنکور","","متوسط","حاصل 2^5 ÷ 2^2 کدام است؟","2^2","2^3","2^7","2^10","B","در تقسیم توان‌های هم‌پایه، توان‌ها تفریق می‌شوند.","ترنم همدلی","original_analogous","1401"
"دوازدهم","ریاضی","ریاضی","ریاضی کنکور 1401","کنکور","تمرین هم‌سطح کنکور","","متوسط","مجموع زاویه‌های داخلی مثلث چند درجه است؟","90","180","270","360","B","مجموع زاویه‌های داخلی مثلث 180 درجه است.","ترنم همدلی","original_analogous","1401"
"دوازدهم","ریاضی","ریاضی","ریاضی کنکور 1401","کنکور","تمرین هم‌سطح کنکور","","متوسط","جمله بعدی دنباله 2، 5، 8، 11 کدام است؟","12","13","14","15","C","اختلاف جمله‌ها 3 است.","ترنم همدلی","original_analogous","1401"
"دوازدهم","ریاضی","ریاضی","ریاضی کنکور 1401","کنکور","تمرین هم‌سطح کنکور","","سخت","مشتق x^3 در x=2 کدام است؟","6","8","12","16","C","مشتق 3x² است و در 2 برابر 12 می‌شود.","ترنم همدلی","original_analogous","1401"
"دوازدهم","ریاضی","ریاضی","ریاضی کنکور 1401","کنکور","تمرین هم‌سطح کنکور","","متوسط","میانگین اعداد 4، 6 و 8 کدام است؟","5","6","7","8","B","جمع 18 و تعداد 3 است؛ میانگین 6.","ترنم همدلی","original_analogous","1401"
"دوازدهم","ریاضی","ریاضی","ریاضی کنکور 1401","کنکور","تمرین هم‌سطح کنکور","","متوسط","حل x+4<9 کدام است؟","x<5","x>5","x<13","x>13","A","با کم کردن 4، x<5.","ترنم همدلی","original_analogous","1401"
"دوازدهم","ریاضی","ریاضی","ریاضی کنکور 1401","کنکور","تمرین هم‌سطح کنکور","","متوسط","اگر دو بردار اندازه و جهت یکسان داشته باشند، چه رابطه‌ای دارند؟","متعامد","مساوی","مخالف","عمود","B","برابری بردارها یعنی اندازه و جهت یکسان.","ترنم همدلی","original_analogous","1401"
"دوازدهم","تجربی","زیست‌شناسی","زیست‌شناسی کنکور 1401","کنکور","تمرین هم‌سطح کنکور","","متوسط","کدام ساختار محل اصلی تبادل گاز در شش است؟","نای","نایژه","حبابک","حنجره","C","حبابک‌ها محل اصلی تبادل گازند.","ترنم همدلی","original_analogous","1401"
"دوازدهم","تجربی","زیست‌شناسی","زیست‌شناسی کنکور 1401","کنکور","تمرین هم‌سطح کنکور","","متوسط","کدام مولکول نقش اصلی در ذخیره اطلاعات وراثتی دارد؟","ATP","DNA","آب","گلوکز","B","اطلاعات وراثتی عمدتاً در DNA ذخیره می‌شود.","ترنم همدلی","original_analogous","1401"
"دوازدهم","تجربی","شیمی","شیمی کنکور 1401","کنکور","تمرین هم‌سطح کنکور","","متوسط","با ثابت بودن حجم، افزایش حل‌شونده چه اثری بر غلظت دارد؟","کاهش","افزایش","بدون تغییر","صفر شدن","B","با ثابت بودن حجم، غلظت افزایش می‌یابد.","ترنم همدلی","original_analogous","1401"
"دوازدهم","تجربی","فیزیک","فیزیک کنکور 1401","کنکور","تمرین هم‌سطح کنکور","","متوسط","اگر سرعت جسم دو برابر شود، انرژی جنبشی چند برابر می‌شود؟","2","3","4","8","C","انرژی جنبشی با مربع سرعت متناسب است.","ترنم همدلی","original_analogous","1401"
"دوازدهم","تجربی","فیزیک","فیزیک کنکور 1401","کنکور","تمرین هم‌سطح کنکور","","متوسط","با مقاومت ثابت و دو برابر شدن ولتاژ، جریان چه می‌شود؟","نصف","دو برابر","چهار برابر","ثابت","B","طبق قانون اهم جریان دو برابر می‌شود.","ترنم همدلی","original_analogous","1401"
"دوازدهم","تجربی","شیمی","شیمی کنکور 1401","کنکور","تمرین هم‌سطح کنکور","","متوسط","pH کمتر از 7 در شرایط معمول نشان‌دهنده چیست؟","محلول اسیدی","محلول خنثی","محلول بازی","فلز خالص","A","در شرایط معمول pH کمتر از 7 اسیدی است.","ترنم همدلی","original_analogous","1401"
"دوازدهم","تجربی","زیست‌شناسی","زیست‌شناسی کنکور 1401","کنکور","تمرین هم‌سطح کنکور","","متوسط","کدام یاخته در خون مسئول حمل اکسیژن است؟","پلاکت","گلبول قرمز","گلبول سفید","نورون","B","هموگلوبین گلبول قرمز اکسیژن را حمل می‌کند.","ترنم همدلی","original_analogous","1401"
"دوازدهم","تجربی","فیزیک","فیزیک کنکور 1401","کنکور","تمرین هم‌سطح کنکور","","متوسط","کار نیروی هم‌جهت با جابه‌جایی چگونه محاسبه می‌شود؟","F/d","F+d","F×d","F-d","C","در این حالت W=Fd است.","ترنم همدلی","original_analogous","1401"
"دوازدهم","تجربی","شیمی","شیمی کنکور 1401","کنکور","تمرین هم‌سطح کنکور","","متوسط","هیدروکربن‌ها از چه عناصری ساخته شده‌اند؟","کربن و اکسیژن","کربن و هیدروژن","هیدروژن و نیتروژن","اکسیژن و نیتروژن","B","هیدروکربن شامل کربن و هیدروژن است.","ترنم همدلی","original_analogous","1401"
"دوازدهم","تجربی","زیست‌شناسی","زیست‌شناسی کنکور 1401","کنکور","تمرین هم‌سطح کنکور","","متوسط","کدام فرایند تعداد کروموزوم‌های یاخته جنسی را نصف می‌کند؟","میتوز","میوز","ترجمه","رونویسی","B","میوز تعداد کروموزوم‌ها را نصف می‌کند.","ترنم همدلی","original_analogous","1401"
"دوازدهم","انسانی","اقتصاد","اقتصاد کنکور 1401","کنکور","تمرین هم‌سطح کنکور","","متوسط","کدام مورد از عوامل تولید محسوب می‌شود؟","سرمایه","رنگ","شانس","خاطره","A","سرمایه یکی از عوامل تولید است.","ترنم همدلی","original_analogous","1401"
"دوازدهم","انسانی","جامعه‌شناسی","جامعه‌شناسی کنکور 1401","کنکور","تمرین هم‌سطح کنکور","","متوسط","هویت اجتماعی بیشتر در چه بستری شکل می‌گیرد؟","تعامل اجتماعی","فقط قد","فقط آب‌وهوا","فقط سن","A","هویت اجتماعی در تعامل با جامعه شکل می‌گیرد.","ترنم همدلی","original_analogous","1401"
"دوازدهم","انسانی","روان‌شناسی","روان‌شناسی کنکور 1401","کنکور","تمرین هم‌سطح کنکور","","متوسط","ادراک به کدام فرایند نزدیک‌تر است؟","تفسیر اطلاعات حسی","تنفس","گردش خون","گوارش","A","ادراک شامل تفسیر و سازمان‌دهی اطلاعات حسی است.","ترنم همدلی","original_analogous","1401"
"دوازدهم","انسانی","فلسفه","فلسفه کنکور 1401","کنکور","تمرین هم‌سطح کنکور","","متوسط","برای ارزیابی یک ادعا کدام مورد اهمیت بیشتری دارد؟","دلیل و شواهد","بلندی صدا","تعداد کلمات","نام گوینده","A","اعتبار ادعا با دلیل و شواهد بررسی می‌شود.","ترنم همدلی","original_analogous","1401"
"دوازدهم","انسانی","علوم و فنون ادبی","علوم و فنون ادبی کنکور 1401","کنکور","تمرین هم‌سطح کنکور","","متوسط","مراعات نظیر بر چه اساسی شکل می‌گیرد؟","ارتباط معنایی واژه‌ها","تضاد کامل","تعداد هجاها","قافیه اجباری","A","واژه‌های مرتبط از یک حوزه معنایی می‌توانند مراعات نظیر بسازند.","ترنم همدلی","original_analogous","1401"
"دوازدهم","انسانی","عربی","عربی کنکور 1401","کنکور","تمرین هم‌سطح کنکور","","متوسط","ترجمه «لا تُهمِلْ دروسَک» چیست؟","درس‌هایت را رها نکن","درس‌هایت را خواندی","درس‌هایت را خواهی خواند","درس‌هایت را نوشتی","A","«لا تهمل» فعل نهی است.","ترنم همدلی","original_analogous","1401"
"دوازدهم","انسانی","انگلیسی","انگلیسی کنکور 1401","کنکور","تمرین هم‌سطح کنکور","","متوسط","کدام جمله از نظر گذشته ساده درست است؟","She visit us yesterday.","She visited us yesterday.","She visiting us yesterday.","She has visit yesterday.","B","visited شکل گذشته ساده فعل visit است.","ترنم همدلی","original_analogous","1401"
"دوازدهم","انسانی","تاریخ","تاریخ کنکور 1401","کنکور","تمرین هم‌سطح کنکور","","متوسط","برای بررسی یک رویداد تاریخی، کدام منبع مستقیم‌تر است؟","سند هم‌دوره","شایعه امروزی","نظر بدون منبع","حدس شخصی","A","سند هم‌دوره شاهد مستقیم‌تری است.","ترنم همدلی","original_analogous","1401"
"دوازدهم","انسانی","جغرافیا","جغرافیا کنکور 1401","کنکور","تمرین هم‌سطح کنکور","","متوسط","کدام عامل بر دمای یک منطقه اثر می‌گذارد؟","عرض جغرافیایی","نام شهر","شماره پلاک","رنگ ساختمان","A","عرض جغرافیایی بر دریافت انرژی خورشیدی اثر دارد.","ترنم همدلی","original_analogous","1401"
"دوازدهم","انسانی","منطق","منطق کنکور 1401","کنکور","تمرین هم‌سطح کنکور","","متوسط","کدام گزینه یک استدلال را کامل‌تر می‌کند؟","ارائه دلیل برای نتیجه","تکرار نتیجه","بلندتر گفتن جمله","حذف مقدمات","A","استدلال به دلیل و ارتباط منطقی نیاز دارد.","ترنم همدلی","original_analogous","1401"
"دوازدهم","ریاضی","ریاضی","ریاضی کنکور 1402","کنکور","تمرین هم‌سطح کنکور","","متوسط","اگر 3x-5=16 باشد، مقدار x کدام است؟","5","6","7","8","C","با افزودن 5 و تقسیم بر 3، x=7.","ترنم همدلی","original_analogous","1402"
"دوازدهم","ریاضی","ریاضی","ریاضی کنکور 1402","کنکور","تمرین هم‌سطح کنکور","","متوسط","اگر f(x)=2x+1 باشد، f(4) چند است؟","7","8","9","10","C","با جایگذاری 4، مقدار تابع 9 است.","ترنم همدلی","original_analogous","1402"
"دوازدهم","ریاضی","ریاضی","ریاضی کنکور 1402","کنکور","تمرین هم‌سطح کنکور","","متوسط","در یک تاس سالم احتمال آمدن عدد بزرگ‌تر از 4 چقدر است؟","1/6","1/3","1/2","2/3","B","دو حالت از شش حالت ممکن داریم.","ترنم همدلی","original_analogous","1402"
"دوازدهم","ریاضی","ریاضی","ریاضی کنکور 1402","کنکور","تمرین هم‌سطح کنکور","","متوسط","حاصل 2^5 ÷ 2^2 کدام است؟","2^2","2^3","2^7","2^10","B","در تقسیم توان‌های هم‌پایه، توان‌ها تفریق می‌شوند.","ترنم همدلی","original_analogous","1402"
"دوازدهم","ریاضی","ریاضی","ریاضی کنکور 1402","کنکور","تمرین هم‌سطح کنکور","","متوسط","مجموع زاویه‌های داخلی مثلث چند درجه است؟","90","180","270","360","B","مجموع زاویه‌های داخلی مثلث 180 درجه است.","ترنم همدلی","original_analogous","1402"
"دوازدهم","ریاضی","ریاضی","ریاضی کنکور 1402","کنکور","تمرین هم‌سطح کنکور","","متوسط","جمله بعدی دنباله 2، 5، 8، 11 کدام است؟","12","13","14","15","C","اختلاف جمله‌ها 3 است.","ترنم همدلی","original_analogous","1402"
"دوازدهم","ریاضی","ریاضی","ریاضی کنکور 1402","کنکور","تمرین هم‌سطح کنکور","","سخت","مشتق x^3 در x=2 کدام است؟","6","8","12","16","C","مشتق 3x² است و در 2 برابر 12 می‌شود.","ترنم همدلی","original_analogous","1402"
"دوازدهم","ریاضی","ریاضی","ریاضی کنکور 1402","کنکور","تمرین هم‌سطح کنکور","","متوسط","میانگین اعداد 4، 6 و 8 کدام است؟","5","6","7","8","B","جمع 18 و تعداد 3 است؛ میانگین 6.","ترنم همدلی","original_analogous","1402"
"دوازدهم","ریاضی","ریاضی","ریاضی کنکور 1402","کنکور","تمرین هم‌سطح کنکور","","متوسط","حل x+4<9 کدام است؟","x<5","x>5","x<13","x>13","A","با کم کردن 4، x<5.","ترنم همدلی","original_analogous","1402"
"دوازدهم","ریاضی","ریاضی","ریاضی کنکور 1402","کنکور","تمرین هم‌سطح کنکور","","متوسط","اگر دو بردار اندازه و جهت یکسان داشته باشند، چه رابطه‌ای دارند؟","متعامد","مساوی","مخالف","عمود","B","برابری بردارها یعنی اندازه و جهت یکسان.","ترنم همدلی","original_analogous","1402"
"دوازدهم","تجربی","زیست‌شناسی","زیست‌شناسی کنکور 1402","کنکور","تمرین هم‌سطح کنکور","","متوسط","کدام ساختار محل اصلی تبادل گاز در شش است؟","نای","نایژه","حبابک","حنجره","C","حبابک‌ها محل اصلی تبادل گازند.","ترنم همدلی","original_analogous","1402"
"دوازدهم","تجربی","زیست‌شناسی","زیست‌شناسی کنکور 1402","کنکور","تمرین هم‌سطح کنکور","","متوسط","کدام مولکول نقش اصلی در ذخیره اطلاعات وراثتی دارد؟","ATP","DNA","آب","گلوکز","B","اطلاعات وراثتی عمدتاً در DNA ذخیره می‌شود.","ترنم همدلی","original_analogous","1402"
"دوازدهم","تجربی","شیمی","شیمی کنکور 1402","کنکور","تمرین هم‌سطح کنکور","","متوسط","با ثابت بودن حجم، افزایش حل‌شونده چه اثری بر غلظت دارد؟","کاهش","افزایش","بدون تغییر","صفر شدن","B","با ثابت بودن حجم، غلظت افزایش می‌یابد.","ترنم همدلی","original_analogous","1402"
"دوازدهم","تجربی","فیزیک","فیزیک کنکور 1402","کنکور","تمرین هم‌سطح کنکور","","متوسط","اگر سرعت جسم دو برابر شود، انرژی جنبشی چند برابر می‌شود؟","2","3","4","8","C","انرژی جنبشی با مربع سرعت متناسب است.","ترنم همدلی","original_analogous","1402"
"دوازدهم","تجربی","فیزیک","فیزیک کنکور 1402","کنکور","تمرین هم‌سطح کنکور","","متوسط","با مقاومت ثابت و دو برابر شدن ولتاژ، جریان چه می‌شود؟","نصف","دو برابر","چهار برابر","ثابت","B","طبق قانون اهم جریان دو برابر می‌شود.","ترنم همدلی","original_analogous","1402"
"دوازدهم","تجربی","شیمی","شیمی کنکور 1402","کنکور","تمرین هم‌سطح کنکور","","متوسط","pH کمتر از 7 در شرایط معمول نشان‌دهنده چیست؟","محلول اسیدی","محلول خنثی","محلول بازی","فلز خالص","A","در شرایط معمول pH کمتر از 7 اسیدی است.","ترنم همدلی","original_analogous","1402"
"دوازدهم","تجربی","زیست‌شناسی","زیست‌شناسی کنکور 1402","کنکور","تمرین هم‌سطح کنکور","","متوسط","کدام یاخته در خون مسئول حمل اکسیژن است؟","پلاکت","گلبول قرمز","گلبول سفید","نورون","B","هموگلوبین گلبول قرمز اکسیژن را حمل می‌کند.","ترنم همدلی","original_analogous","1402"
"دوازدهم","تجربی","فیزیک","فیزیک کنکور 1402","کنکور","تمرین هم‌سطح کنکور","","متوسط","کار نیروی هم‌جهت با جابه‌جایی چگونه محاسبه می‌شود؟","F/d","F+d","F×d","F-d","C","در این حالت W=Fd است.","ترنم همدلی","original_analogous","1402"
"دوازدهم","تجربی","شیمی","شیمی کنکور 1402","کنکور","تمرین هم‌سطح کنکور","","متوسط","هیدروکربن‌ها از چه عناصری ساخته شده‌اند؟","کربن و اکسیژن","کربن و هیدروژن","هیدروژن و نیتروژن","اکسیژن و نیتروژن","B","هیدروکربن شامل کربن و هیدروژن است.","ترنم همدلی","original_analogous","1402"
"دوازدهم","تجربی","زیست‌شناسی","زیست‌شناسی کنکور 1402","کنکور","تمرین هم‌سطح کنکور","","متوسط","کدام فرایند تعداد کروموزوم‌های یاخته جنسی را نصف می‌کند؟","میتوز","میوز","ترجمه","رونویسی","B","میوز تعداد کروموزوم‌ها را نصف می‌کند.","ترنم همدلی","original_analogous","1402"
"دوازدهم","انسانی","اقتصاد","اقتصاد کنکور 1402","کنکور","تمرین هم‌سطح کنکور","","متوسط","کدام مورد از عوامل تولید محسوب می‌شود؟","سرمایه","رنگ","شانس","خاطره","A","سرمایه یکی از عوامل تولید است.","ترنم همدلی","original_analogous","1402"
"دوازدهم","انسانی","جامعه‌شناسی","جامعه‌شناسی کنکور 1402","کنکور","تمرین هم‌سطح کنکور","","متوسط","هویت اجتماعی بیشتر در چه بستری شکل می‌گیرد؟","تعامل اجتماعی","فقط قد","فقط آب‌وهوا","فقط سن","A","هویت اجتماعی در تعامل با جامعه شکل می‌گیرد.","ترنم همدلی","original_analogous","1402"
"دوازدهم","انسانی","روان‌شناسی","روان‌شناسی کنکور 1402","کنکور","تمرین هم‌سطح کنکور","","متوسط","ادراک به کدام فرایند نزدیک‌تر است؟","تفسیر اطلاعات حسی","تنفس","گردش خون","گوارش","A","ادراک شامل تفسیر و سازمان‌دهی اطلاعات حسی است.","ترنم همدلی","original_analogous","1402"
"دوازدهم","انسانی","فلسفه","فلسفه کنکور 1402","کنکور","تمرین هم‌سطح کنکور","","متوسط","برای ارزیابی یک ادعا کدام مورد اهمیت بیشتری دارد؟","دلیل و شواهد","بلندی صدا","تعداد کلمات","نام گوینده","A","اعتبار ادعا با دلیل و شواهد بررسی می‌شود.","ترنم همدلی","original_analogous","1402"
"دوازدهم","انسانی","علوم و فنون ادبی","علوم و فنون ادبی کنکور 1402","کنکور","تمرین هم‌سطح کنکور","","متوسط","مراعات نظیر بر چه اساسی شکل می‌گیرد؟","ارتباط معنایی واژه‌ها","تضاد کامل","تعداد هجاها","قافیه اجباری","A","واژه‌های مرتبط از یک حوزه معنایی می‌توانند مراعات نظیر بسازند.","ترنم همدلی","original_analogous","1402"
"دوازدهم","انسانی","عربی","عربی کنکور 1402","کنکور","تمرین هم‌سطح کنکور","","متوسط","ترجمه «لا تُهمِلْ دروسَک» چیست؟","درس‌هایت را رها نکن","درس‌هایت را خواندی","درس‌هایت را خواهی خواند","درس‌هایت را نوشتی","A","«لا تهمل» فعل نهی است.","ترنم همدلی","original_analogous","1402"
"دوازدهم","انسانی","انگلیسی","انگلیسی کنکور 1402","کنکور","تمرین هم‌سطح کنکور","","متوسط","کدام جمله از نظر گذشته ساده درست است؟","She visit us yesterday.","She visited us yesterday.","She visiting us yesterday.","She has visit yesterday.","B","visited شکل گذشته ساده فعل visit است.","ترنم همدلی","original_analogous","1402"
"دوازدهم","انسانی","تاریخ","تاریخ کنکور 1402","کنکور","تمرین هم‌سطح کنکور","","متوسط","برای بررسی یک رویداد تاریخی، کدام منبع مستقیم‌تر است؟","سند هم‌دوره","شایعه امروزی","نظر بدون منبع","حدس شخصی","A","سند هم‌دوره شاهد مستقیم‌تری است.","ترنم همدلی","original_analogous","1402"
"دوازدهم","انسانی","جغرافیا","جغرافیا کنکور 1402","کنکور","تمرین هم‌سطح کنکور","","متوسط","کدام عامل بر دمای یک منطقه اثر می‌گذارد؟","عرض جغرافیایی","نام شهر","شماره پلاک","رنگ ساختمان","A","عرض جغرافیایی بر دریافت انرژی خورشیدی اثر دارد.","ترنم همدلی","original_analogous","1402"
"دوازدهم","انسانی","منطق","منطق کنکور 1402","کنکور","تمرین هم‌سطح کنکور","","متوسط","کدام گزینه یک استدلال را کامل‌تر می‌کند؟","ارائه دلیل برای نتیجه","تکرار نتیجه","بلندتر گفتن جمله","حذف مقدمات","A","استدلال به دلیل و ارتباط منطقی نیاز دارد.","ترنم همدلی","original_analogous","1402"
"دوازدهم","ریاضی","ریاضی","ریاضی کنکور 1403","کنکور","تمرین هم‌سطح کنکور","","متوسط","اگر 3x-5=16 باشد، مقدار x کدام است؟","5","6","7","8","C","با افزودن 5 و تقسیم بر 3، x=7.","ترنم همدلی","original_analogous","1403"
"دوازدهم","ریاضی","ریاضی","ریاضی کنکور 1403","کنکور","تمرین هم‌سطح کنکور","","متوسط","اگر f(x)=2x+1 باشد، f(4) چند است؟","7","8","9","10","C","با جایگذاری 4، مقدار تابع 9 است.","ترنم همدلی","original_analogous","1403"
"دوازدهم","ریاضی","ریاضی","ریاضی کنکور 1403","کنکور","تمرین هم‌سطح کنکور","","متوسط","در یک تاس سالم احتمال آمدن عدد بزرگ‌تر از 4 چقدر است؟","1/6","1/3","1/2","2/3","B","دو حالت از شش حالت ممکن داریم.","ترنم همدلی","original_analogous","1403"
"دوازدهم","ریاضی","ریاضی","ریاضی کنکور 1403","کنکور","تمرین هم‌سطح کنکور","","متوسط","حاصل 2^5 ÷ 2^2 کدام است؟","2^2","2^3","2^7","2^10","B","در تقسیم توان‌های هم‌پایه، توان‌ها تفریق می‌شوند.","ترنم همدلی","original_analogous","1403"
"دوازدهم","ریاضی","ریاضی","ریاضی کنکور 1403","کنکور","تمرین هم‌سطح کنکور","","متوسط","مجموع زاویه‌های داخلی مثلث چند درجه است؟","90","180","270","360","B","مجموع زاویه‌های داخلی مثلث 180 درجه است.","ترنم همدلی","original_analogous","1403"
"دوازدهم","ریاضی","ریاضی","ریاضی کنکور 1403","کنکور","تمرین هم‌سطح کنکور","","متوسط","جمله بعدی دنباله 2، 5، 8، 11 کدام است؟","12","13","14","15","C","اختلاف جمله‌ها 3 است.","ترنم همدلی","original_analogous","1403"
"دوازدهم","ریاضی","ریاضی","ریاضی کنکور 1403","کنکور","تمرین هم‌سطح کنکور","","سخت","مشتق x^3 در x=2 کدام است؟","6","8","12","16","C","مشتق 3x² است و در 2 برابر 12 می‌شود.","ترنم همدلی","original_analogous","1403"
"دوازدهم","ریاضی","ریاضی","ریاضی کنکور 1403","کنکور","تمرین هم‌سطح کنکور","","متوسط","میانگین اعداد 4، 6 و 8 کدام است؟","5","6","7","8","B","جمع 18 و تعداد 3 است؛ میانگین 6.","ترنم همدلی","original_analogous","1403"
"دوازدهم","ریاضی","ریاضی","ریاضی کنکور 1403","کنکور","تمرین هم‌سطح کنکور","","متوسط","حل x+4<9 کدام است؟","x<5","x>5","x<13","x>13","A","با کم کردن 4، x<5.","ترنم همدلی","original_analogous","1403"
"دوازدهم","ریاضی","ریاضی","ریاضی کنکور 1403","کنکور","تمرین هم‌سطح کنکور","","متوسط","اگر دو بردار اندازه و جهت یکسان داشته باشند، چه رابطه‌ای دارند؟","متعامد","مساوی","مخالف","عمود","B","برابری بردارها یعنی اندازه و جهت یکسان.","ترنم همدلی","original_analogous","1403"
"دوازدهم","تجربی","زیست‌شناسی","زیست‌شناسی کنکور 1403","کنکور","تمرین هم‌سطح کنکور","","متوسط","کدام ساختار محل اصلی تبادل گاز در شش است؟","نای","نایژه","حبابک","حنجره","C","حبابک‌ها محل اصلی تبادل گازند.","ترنم همدلی","original_analogous","1403"
"دوازدهم","تجربی","زیست‌شناسی","زیست‌شناسی کنکور 1403","کنکور","تمرین هم‌سطح کنکور","","متوسط","کدام مولکول نقش اصلی در ذخیره اطلاعات وراثتی دارد؟","ATP","DNA","آب","گلوکز","B","اطلاعات وراثتی عمدتاً در DNA ذخیره می‌شود.","ترنم همدلی","original_analogous","1403"
"دوازدهم","تجربی","شیمی","شیمی کنکور 1403","کنکور","تمرین هم‌سطح کنکور","","متوسط","با ثابت بودن حجم، افزایش حل‌شونده چه اثری بر غلظت دارد؟","کاهش","افزایش","بدون تغییر","صفر شدن","B","با ثابت بودن حجم، غلظت افزایش می‌یابد.","ترنم همدلی","original_analogous","1403"
"دوازدهم","تجربی","فیزیک","فیزیک کنکور 1403","کنکور","تمرین هم‌سطح کنکور","","متوسط","اگر سرعت جسم دو برابر شود، انرژی جنبشی چند برابر می‌شود؟","2","3","4","8","C","انرژی جنبشی با مربع سرعت متناسب است.","ترنم همدلی","original_analogous","1403"
"دوازدهم","تجربی","فیزیک","فیزیک کنکور 1403","کنکور","تمرین هم‌سطح کنکور","","متوسط","با مقاومت ثابت و دو برابر شدن ولتاژ، جریان چه می‌شود؟","نصف","دو برابر","چهار برابر","ثابت","B","طبق قانون اهم جریان دو برابر می‌شود.","ترنم همدلی","original_analogous","1403"
"دوازدهم","تجربی","شیمی","شیمی کنکور 1403","کنکور","تمرین هم‌سطح کنکور","","متوسط","pH کمتر از 7 در شرایط معمول نشان‌دهنده چیست؟","محلول اسیدی","محلول خنثی","محلول بازی","فلز خالص","A","در شرایط معمول pH کمتر از 7 اسیدی است.","ترنم همدلی","original_analogous","1403"
"دوازدهم","تجربی","زیست‌شناسی","زیست‌شناسی کنکور 1403","کنکور","تمرین هم‌سطح کنکور","","متوسط","کدام یاخته در خون مسئول حمل اکسیژن است؟","پلاکت","گلبول قرمز","گلبول سفید","نورون","B","هموگلوبین گلبول قرمز اکسیژن را حمل می‌کند.","ترنم همدلی","original_analogous","1403"
"دوازدهم","تجربی","فیزیک","فیزیک کنکور 1403","کنکور","تمرین هم‌سطح کنکور","","متوسط","کار نیروی هم‌جهت با جابه‌جایی چگونه محاسبه می‌شود؟","F/d","F+d","F×d","F-d","C","در این حالت W=Fd است.","ترنم همدلی","original_analogous","1403"
"دوازدهم","تجربی","شیمی","شیمی کنکور 1403","کنکور","تمرین هم‌سطح کنکور","","متوسط","هیدروکربن‌ها از چه عناصری ساخته شده‌اند؟","کربن و اکسیژن","کربن و هیدروژن","هیدروژن و نیتروژن","اکسیژن و نیتروژن","B","هیدروکربن شامل کربن و هیدروژن است.","ترنم همدلی","original_analogous","1403"
"دوازدهم","تجربی","زیست‌شناسی","زیست‌شناسی کنکور 1403","کنکور","تمرین هم‌سطح کنکور","","متوسط","کدام فرایند تعداد کروموزوم‌های یاخته جنسی را نصف می‌کند؟","میتوز","میوز","ترجمه","رونویسی","B","میوز تعداد کروموزوم‌ها را نصف می‌کند.","ترنم همدلی","original_analogous","1403"
"دوازدهم","انسانی","اقتصاد","اقتصاد کنکور 1403","کنکور","تمرین هم‌سطح کنکور","","متوسط","کدام مورد از عوامل تولید محسوب می‌شود؟","سرمایه","رنگ","شانس","خاطره","A","سرمایه یکی از عوامل تولید است.","ترنم همدلی","original_analogous","1403"
"دوازدهم","انسانی","جامعه‌شناسی","جامعه‌شناسی کنکور 1403","کنکور","تمرین هم‌سطح کنکور","","متوسط","هویت اجتماعی بیشتر در چه بستری شکل می‌گیرد؟","تعامل اجتماعی","فقط قد","فقط آب‌وهوا","فقط سن","A","هویت اجتماعی در تعامل با جامعه شکل می‌گیرد.","ترنم همدلی","original_analogous","1403"
"دوازدهم","انسانی","روان‌شناسی","روان‌شناسی کنکور 1403","کنکور","تمرین هم‌سطح کنکور","","متوسط","ادراک به کدام فرایند نزدیک‌تر است؟","تفسیر اطلاعات حسی","تنفس","گردش خون","گوارش","A","ادراک شامل تفسیر و سازمان‌دهی اطلاعات حسی است.","ترنم همدلی","original_analogous","1403"
"دوازدهم","انسانی","فلسفه","فلسفه کنکور 1403","کنکور","تمرین هم‌سطح کنکور","","متوسط","برای ارزیابی یک ادعا کدام مورد اهمیت بیشتری دارد؟","دلیل و شواهد","بلندی صدا","تعداد کلمات","نام گوینده","A","اعتبار ادعا با دلیل و شواهد بررسی می‌شود.","ترنم همدلی","original_analogous","1403"
"دوازدهم","انسانی","علوم و فنون ادبی","علوم و فنون ادبی کنکور 1403","کنکور","تمرین هم‌سطح کنکور","","متوسط","مراعات نظیر بر چه اساسی شکل می‌گیرد؟","ارتباط معنایی واژه‌ها","تضاد کامل","تعداد هجاها","قافیه اجباری","A","واژه‌های مرتبط از یک حوزه معنایی می‌توانند مراعات نظیر بسازند.","ترنم همدلی","original_analogous","1403"
"دوازدهم","انسانی","عربی","عربی کنکور 1403","کنکور","تمرین هم‌سطح کنکور","","متوسط","ترجمه «لا تُهمِلْ دروسَک» چیست؟","درس‌هایت را رها نکن","درس‌هایت را خواندی","درس‌هایت را خواهی خواند","درس‌هایت را نوشتی","A","«لا تهمل» فعل نهی است.","ترنم همدلی","original_analogous","1403"
"دوازدهم","انسانی","انگلیسی","انگلیسی کنکور 1403","کنکور","تمرین هم‌سطح کنکور","","متوسط","کدام جمله از نظر گذشته ساده درست است؟","She visit us yesterday.","She visited us yesterday.","She visiting us yesterday.","She has visit yesterday.","B","visited شکل گذشته ساده فعل visit است.","ترنم همدلی","original_analogous","1403"
"دوازدهم","انسانی","تاریخ","تاریخ کنکور 1403","کنکور","تمرین هم‌سطح کنکور","","متوسط","برای بررسی یک رویداد تاریخی، کدام منبع مستقیم‌تر است؟","سند هم‌دوره","شایعه امروزی","نظر بدون منبع","حدس شخصی","A","سند هم‌دوره شاهد مستقیم‌تری است.","ترنم همدلی","original_analogous","1403"
"دوازدهم","انسانی","جغرافیا","جغرافیا کنکور 1403","کنکور","تمرین هم‌سطح کنکور","","متوسط","کدام عامل بر دمای یک منطقه اثر می‌گذارد؟","عرض جغرافیایی","نام شهر","شماره پلاک","رنگ ساختمان","A","عرض جغرافیایی بر دریافت انرژی خورشیدی اثر دارد.","ترنم همدلی","original_analogous","1403"
"دوازدهم","انسانی","منطق","منطق کنکور 1403","کنکور","تمرین هم‌سطح کنکور","","متوسط","کدام گزینه یک استدلال را کامل‌تر می‌کند؟","ارائه دلیل برای نتیجه","تکرار نتیجه","بلندتر گفتن جمله","حذف مقدمات","A","استدلال به دلیل و ارتباط منطقی نیاز دارد.","ترنم همدلی","original_analogous","1403"
"دوازدهم","ریاضی","ریاضی","ریاضی کنکور 1404","کنکور","تمرین هم‌سطح کنکور","","متوسط","اگر 3x-5=16 باشد، مقدار x کدام است؟","5","6","7","8","C","با افزودن 5 و تقسیم بر 3، x=7.","ترنم همدلی","original_analogous","1404"
"دوازدهم","ریاضی","ریاضی","ریاضی کنکور 1404","کنکور","تمرین هم‌سطح کنکور","","متوسط","اگر f(x)=2x+1 باشد، f(4) چند است؟","7","8","9","10","C","با جایگذاری 4، مقدار تابع 9 است.","ترنم همدلی","original_analogous","1404"
"دوازدهم","ریاضی","ریاضی","ریاضی کنکور 1404","کنکور","تمرین هم‌سطح کنکور","","متوسط","در یک تاس سالم احتمال آمدن عدد بزرگ‌تر از 4 چقدر است؟","1/6","1/3","1/2","2/3","B","دو حالت از شش حالت ممکن داریم.","ترنم همدلی","original_analogous","1404"
"دوازدهم","ریاضی","ریاضی","ریاضی کنکور 1404","کنکور","تمرین هم‌سطح کنکور","","متوسط","حاصل 2^5 ÷ 2^2 کدام است؟","2^2","2^3","2^7","2^10","B","در تقسیم توان‌های هم‌پایه، توان‌ها تفریق می‌شوند.","ترنم همدلی","original_analogous","1404"
"دوازدهم","ریاضی","ریاضی","ریاضی کنکور 1404","کنکور","تمرین هم‌سطح کنکور","","متوسط","مجموع زاویه‌های داخلی مثلث چند درجه است؟","90","180","270","360","B","مجموع زاویه‌های داخلی مثلث 180 درجه است.","ترنم همدلی","original_analogous","1404"
"دوازدهم","ریاضی","ریاضی","ریاضی کنکور 1404","کنکور","تمرین هم‌سطح کنکور","","متوسط","جمله بعدی دنباله 2، 5، 8، 11 کدام است؟","12","13","14","15","C","اختلاف جمله‌ها 3 است.","ترنم همدلی","original_analogous","1404"
"دوازدهم","ریاضی","ریاضی","ریاضی کنکور 1404","کنکور","تمرین هم‌سطح کنکور","","سخت","مشتق x^3 در x=2 کدام است؟","6","8","12","16","C","مشتق 3x² است و در 2 برابر 12 می‌شود.","ترنم همدلی","original_analogous","1404"
"دوازدهم","ریاضی","ریاضی","ریاضی کنکور 1404","کنکور","تمرین هم‌سطح کنکور","","متوسط","میانگین اعداد 4، 6 و 8 کدام است؟","5","6","7","8","B","جمع 18 و تعداد 3 است؛ میانگین 6.","ترنم همدلی","original_analogous","1404"
"دوازدهم","ریاضی","ریاضی","ریاضی کنکور 1404","کنکور","تمرین هم‌سطح کنکور","","متوسط","حل x+4<9 کدام است؟","x<5","x>5","x<13","x>13","A","با کم کردن 4، x<5.","ترنم همدلی","original_analogous","1404"
"دوازدهم","ریاضی","ریاضی","ریاضی کنکور 1404","کنکور","تمرین هم‌سطح کنکور","","متوسط","اگر دو بردار اندازه و جهت یکسان داشته باشند، چه رابطه‌ای دارند؟","متعامد","مساوی","مخالف","عمود","B","برابری بردارها یعنی اندازه و جهت یکسان.","ترنم همدلی","original_analogous","1404"
"دوازدهم","تجربی","زیست‌شناسی","زیست‌شناسی کنکور 1404","کنکور","تمرین هم‌سطح کنکور","","متوسط","کدام ساختار محل اصلی تبادل گاز در شش است؟","نای","نایژه","حبابک","حنجره","C","حبابک‌ها محل اصلی تبادل گازند.","ترنم همدلی","original_analogous","1404"
"دوازدهم","تجربی","زیست‌شناسی","زیست‌شناسی کنکور 1404","کنکور","تمرین هم‌سطح کنکور","","متوسط","کدام مولکول نقش اصلی در ذخیره اطلاعات وراثتی دارد؟","ATP","DNA","آب","گلوکز","B","اطلاعات وراثتی عمدتاً در DNA ذخیره می‌شود.","ترنم همدلی","original_analogous","1404"
"دوازدهم","تجربی","شیمی","شیمی کنکور 1404","کنکور","تمرین هم‌سطح کنکور","","متوسط","با ثابت بودن حجم، افزایش حل‌شونده چه اثری بر غلظت دارد؟","کاهش","افزایش","بدون تغییر","صفر شدن","B","با ثابت بودن حجم، غلظت افزایش می‌یابد.","ترنم همدلی","original_analogous","1404"
"دوازدهم","تجربی","فیزیک","فیزیک کنکور 1404","کنکور","تمرین هم‌سطح کنکور","","متوسط","اگر سرعت جسم دو برابر شود، انرژی جنبشی چند برابر می‌شود؟","2","3","4","8","C","انرژی جنبشی با مربع سرعت متناسب است.","ترنم همدلی","original_analogous","1404"
"دوازدهم","تجربی","فیزیک","فیزیک کنکور 1404","کنکور","تمرین هم‌سطح کنکور","","متوسط","با مقاومت ثابت و دو برابر شدن ولتاژ، جریان چه می‌شود؟","نصف","دو برابر","چهار برابر","ثابت","B","طبق قانون اهم جریان دو برابر می‌شود.","ترنم همدلی","original_analogous","1404"
"دوازدهم","تجربی","شیمی","شیمی کنکور 1404","کنکور","تمرین هم‌سطح کنکور","","متوسط","pH کمتر از 7 در شرایط معمول نشان‌دهنده چیست؟","محلول اسیدی","محلول خنثی","محلول بازی","فلز خالص","A","در شرایط معمول pH کمتر از 7 اسیدی است.","ترنم همدلی","original_analogous","1404"
"دوازدهم","تجربی","زیست‌شناسی","زیست‌شناسی کنکور 1404","کنکور","تمرین هم‌سطح کنکور","","متوسط","کدام یاخته در خون مسئول حمل اکسیژن است؟","پلاکت","گلبول قرمز","گلبول سفید","نورون","B","هموگلوبین گلبول قرمز اکسیژن را حمل می‌کند.","ترنم همدلی","original_analogous","1404"
"دوازدهم","تجربی","فیزیک","فیزیک کنکور 1404","کنکور","تمرین هم‌سطح کنکور","","متوسط","کار نیروی هم‌جهت با جابه‌جایی چگونه محاسبه می‌شود؟","F/d","F+d","F×d","F-d","C","در این حالت W=Fd است.","ترنم همدلی","original_analogous","1404"
"دوازدهم","تجربی","شیمی","شیمی کنکور 1404","کنکور","تمرین هم‌سطح کنکور","","متوسط","هیدروکربن‌ها از چه عناصری ساخته شده‌اند؟","کربن و اکسیژن","کربن و هیدروژن","هیدروژن و نیتروژن","اکسیژن و نیتروژن","B","هیدروکربن شامل کربن و هیدروژن است.","ترنم همدلی","original_analogous","1404"
"دوازدهم","تجربی","زیست‌شناسی","زیست‌شناسی کنکور 1404","کنکور","تمرین هم‌سطح کنکور","","متوسط","کدام فرایند تعداد کروموزوم‌های یاخته جنسی را نصف می‌کند؟","میتوز","میوز","ترجمه","رونویسی","B","میوز تعداد کروموزوم‌ها را نصف می‌کند.","ترنم همدلی","original_analogous","1404"
"دوازدهم","انسانی","اقتصاد","اقتصاد کنکور 1404","کنکور","تمرین هم‌سطح کنکور","","متوسط","کدام مورد از عوامل تولید محسوب می‌شود؟","سرمایه","رنگ","شانس","خاطره","A","سرمایه یکی از عوامل تولید است.","ترنم همدلی","original_analogous","1404"
"دوازدهم","انسانی","جامعه‌شناسی","جامعه‌شناسی کنکور 1404","کنکور","تمرین هم‌سطح کنکور","","متوسط","هویت اجتماعی بیشتر در چه بستری شکل می‌گیرد؟","تعامل اجتماعی","فقط قد","فقط آب‌وهوا","فقط سن","A","هویت اجتماعی در تعامل با جامعه شکل می‌گیرد.","ترنم همدلی","original_analogous","1404"
"دوازدهم","انسانی","روان‌شناسی","روان‌شناسی کنکور 1404","کنکور","تمرین هم‌سطح کنکور","","متوسط","ادراک به کدام فرایند نزدیک‌تر است؟","تفسیر اطلاعات حسی","تنفس","گردش خون","گوارش","A","ادراک شامل تفسیر و سازمان‌دهی اطلاعات حسی است.","ترنم همدلی","original_analogous","1404"
"دوازدهم","انسانی","فلسفه","فلسفه کنکور 1404","کنکور","تمرین هم‌سطح کنکور","","متوسط","برای ارزیابی یک ادعا کدام مورد اهمیت بیشتری دارد؟","دلیل و شواهد","بلندی صدا","تعداد کلمات","نام گوینده","A","اعتبار ادعا با دلیل و شواهد بررسی می‌شود.","ترنم همدلی","original_analogous","1404"
"دوازدهم","انسانی","علوم و فنون ادبی","علوم و فنون ادبی کنکور 1404","کنکور","تمرین هم‌سطح کنکور","","متوسط","مراعات نظیر بر چه اساسی شکل می‌گیرد؟","ارتباط معنایی واژه‌ها","تضاد کامل","تعداد هجاها","قافیه اجباری","A","واژه‌های مرتبط از یک حوزه معنایی می‌توانند مراعات نظیر بسازند.","ترنم همدلی","original_analogous","1404"
"دوازدهم","انسانی","عربی","عربی کنکور 1404","کنکور","تمرین هم‌سطح کنکور","","متوسط","ترجمه «لا تُهمِلْ دروسَک» چیست؟","درس‌هایت را رها نکن","درس‌هایت را خواندی","درس‌هایت را خواهی خواند","درس‌هایت را نوشتی","A","«لا تهمل» فعل نهی است.","ترنم همدلی","original_analogous","1404"
"دوازدهم","انسانی","انگلیسی","انگلیسی کنکور 1404","کنکور","تمرین هم‌سطح کنکور","","متوسط","کدام جمله از نظر گذشته ساده درست است؟","She visit us yesterday.","She visited us yesterday.","She visiting us yesterday.","She has visit yesterday.","B","visited شکل گذشته ساده فعل visit است.","ترنم همدلی","original_analogous","1404"
"دوازدهم","انسانی","تاریخ","تاریخ کنکور 1404","کنکور","تمرین هم‌سطح کنکور","","متوسط","برای بررسی یک رویداد تاریخی، کدام منبع مستقیم‌تر است؟","سند هم‌دوره","شایعه امروزی","نظر بدون منبع","حدس شخصی","A","سند هم‌دوره شاهد مستقیم‌تری است.","ترنم همدلی","original_analogous","1404"
"دوازدهم","انسانی","جغرافیا","جغرافیا کنکور 1404","کنکور","تمرین هم‌سطح کنکور","","متوسط","کدام عامل بر دمای یک منطقه اثر می‌گذارد؟","عرض جغرافیایی","نام شهر","شماره پلاک","رنگ ساختمان","A","عرض جغرافیایی بر دریافت انرژی خورشیدی اثر دارد.","ترنم همدلی","original_analogous","1404"
"دوازدهم","انسانی","منطق","منطق کنکور 1404","کنکور","تمرین هم‌سطح کنکور","","متوسط","کدام گزینه یک استدلال را کامل‌تر می‌کند؟","ارائه دلیل برای نتیجه","تکرار نتیجه","بلندتر گفتن جمله","حذف مقدمات","A","استدلال به دلیل و ارتباط منطقی نیاز دارد.","ترنم همدلی","original_analogous","1404"
"ششم","عمومی","تیزهوشان","نمونه آزمون تیزهوشان ششم","استعداد تحلیلی","استدلال و هوش","","سخت","در دنباله 2، 6، 12، 20، عدد بعدی کدام است؟","24","28","30","32","C","اختلاف‌ها 4،6،8 و سپس 10 هستند.","ترنم همدلی","original_tizhooshan","نمونه-ششم"
"نهم","عمومی","تیزهوشان","نمونه آزمون تیزهوشان نهم","استعداد تحلیلی","استدلال و هوش","","سخت","اگر 3 نفر هر کدام دو دوست داشته باشند، آیا الزاماً 6 دوست متفاوت وجود دارد؟","بله","خیر","همیشه 3 نفر","همیشه 9 نفر","B","ممکن است دوستان مشترک باشند.","ترنم همدلی","original_tizhooshan","نمونه-نهم"
"ششم","عمومی","تیزهوشان","نمونه آزمون تیزهوشان ششم","استعداد تحلیلی","استدلال و هوش","","متوسط","اگر همه Aها B باشند و هیچ Bای C نباشد، کدام نتیجه درست است؟","هیچ Aای C نیست","همه Cها A هستند","همه Bها A هستند","برخی Aها C هستند","A","A زیرمجموعه B و B از C جداست.","ترنم همدلی","original_tizhooshan","نمونه-ششم"
"نهم","عمومی","تیزهوشان","نمونه آزمون تیزهوشان نهم","استعداد تحلیلی","استدلال و هوش","","متوسط","عدد بعدی 4،9،19،39 کدام است؟","59","69","79","89","C","هر جمله دو برابر قبلی به اضافه 1 است.","ترنم همدلی","original_tizhooshan","نمونه-نهم"
"ششم","عمومی","تیزهوشان","نمونه آزمون تیزهوشان ششم","استعداد تحلیلی","استدلال و هوش","","متوسط","کدام واژه با بقیه متفاوت است؟","سیب","گلابی","هویج","پرتقال","C","هویج میوه نیست.","ترنم همدلی","original_tizhooshan","نمونه-ششم"
"نهم","عمومی","تیزهوشان","نمونه آزمون تیزهوشان نهم","استعداد تحلیلی","استدلال و هوش","","متوسط","با 3 رنگ چند انتخاب برای یک پرچم تک‌رنگ داریم؟","2","3","6","9","B","سه رنگ، سه انتخاب ایجاد می‌کند.","ترنم همدلی","original_tizhooshan","نمونه-نهم"
"ششم","عمومی","تیزهوشان","نمونه آزمون تیزهوشان ششم","استعداد تحلیلی","استدلال و هوش","","سخت","از یک گوشه مکعب حداکثر چند وجه آن دیده می‌شود؟","2","3","4","6","B","سه وجه مجاور می‌تواند دیده شود.","ترنم همدلی","original_tizhooshan","نمونه-ششم"
"نهم","عمومی","تیزهوشان","نمونه آزمون تیزهوشان نهم","استعداد تحلیلی","استدلال و هوش","","سخت","اگر شعاع دایره دو برابر شود، مساحت چند برابر می‌شود؟","2","3","4","8","C","مساحت با مربع شعاع متناسب است.","ترنم همدلی","original_tizhooshan","نمونه-نهم"
"ششم","عمومی","تیزهوشان","نمونه آزمون تیزهوشان ششم","استعداد تحلیلی","استدلال و هوش","","متوسط","عدد 48 چند مقسوم‌علیه مثبت دارد؟","8","10","12","14","B","48=2^4×3 و تعداد مقسوم‌علیه‌ها 10 است.","ترنم همدلی","original_tizhooshan","نمونه-ششم"
"نهم","عمومی","تیزهوشان","نمونه آزمون تیزهوشان نهم","استعداد تحلیلی","استدلال و هوش","","متوسط","اگر بعضی Aها B و هیچ Bای C نباشد، کدام گزاره حتماً درست است؟","بعضی Aها C نیستند","همه Aها B هستند","همه Cها A نیستند","هیچ Aای B نیست","A","بخش B از A نمی‌تواند C باشد.","ترنم همدلی","original_tizhooshan","نمونه-نهم"
"ششم","عمومی","تیزهوشان","نمونه آزمون تیزهوشان ششم","استعداد تحلیلی","استدلال و هوش","","متوسط","اگر همه Aها B باشند و هیچ Bای C نباشد، کدام نتیجه درست است؟","هیچ Aای C نیست","همه Cها A هستند","همه Bها A هستند","برخی Aها C هستند","A","نتیجه از دو رابطه داده‌شده به دست می‌آید.","ترنم همدلی","original_tizhooshan","نمونه-ششم"
"نهم","عمومی","تیزهوشان","نمونه آزمون تیزهوشان نهم","استعداد تحلیلی","استدلال و هوش","","متوسط","در کیسه 3 مهره قرمز و 2 مهره آبی است؛ احتمال قرمز؟","2/5","3/5","1/2","3/4","B","سه مهره از پنج مهره قرمزند.","ترنم همدلی","original_tizhooshan","نمونه-نهم"
"ششم","عمومی","تیزهوشان","نمونه آزمون تیزهوشان ششم","استعداد تحلیلی","استدلال و هوش","","سخت","اگر 5 مداد 40 هزار تومان باشد، قیمت 8 مداد چقدر است؟","56","64","72","80","B","قیمت هر مداد 8 هزار تومان است.","ترنم همدلی","original_tizhooshan","نمونه-ششم"
"نهم","عمومی","تیزهوشان","نمونه آزمون تیزهوشان نهم","استعداد تحلیلی","استدلال و هوش","","سخت","اگر مکعب به 3×3×3 مکعب کوچک تقسیم شود، چند مکعب داریم؟","9","18","27","36","C","حاصل ضرب 27 است.","ترنم همدلی","original_tizhooshan","نمونه-نهم"
"ششم","عمومی","تیزهوشان","نمونه آزمون تیزهوشان ششم","استعداد تحلیلی","استدلال و هوش","","متوسط","الگوی 1،1،2،3،5،8 چگونه ادامه می‌یابد؟","تفریق دو جمله","جمع دو جمله قبل","ضرب دو جمله","تقسیم دو جمله","B","هر جمله جمع دو جمله قبلی است.","ترنم همدلی","original_tizhooshan","نمونه-ششم"
"نهم","عمومی","تیزهوشان","نمونه آزمون تیزهوشان نهم","استعداد تحلیلی","استدلال و هوش","","متوسط","با سرعت ثابت، دو برابر شدن مسیر چه اثری بر زمان دارد؟","نصف","دو برابر","چهار برابر","بدون تغییر","B","زمان با مسیر متناسب است.","ترنم همدلی","original_tizhooshan","نمونه-نهم"
"ششم","عمومی","تیزهوشان","نمونه آزمون تیزهوشان ششم","استعداد تحلیلی","استدلال و هوش","","متوسط","اگر امروز دوشنبه باشد، 17 روز بعد چه روزی است؟","سه‌شنبه","چهارشنبه","پنجشنبه","جمعه","C","17 نسبت به هفته باقیمانده 3 روز است.","ترنم همدلی","original_tizhooshan","نمونه-ششم"
"نهم","عمومی","تیزهوشان","نمونه آزمون تیزهوشان نهم","استعداد تحلیلی","استدلال و هوش","","متوسط","نمرات 12،15،18،15؛ میانه کدام است؟","12","15","16","18","B","دو مقدار میانی 15 و 15 هستند.","ترنم همدلی","original_tizhooshan","نمونه-نهم"
"ششم","عمومی","تیزهوشان","نمونه آزمون تیزهوشان ششم","استعداد تحلیلی","استدلال و هوش","","سخت","در چرخش 90 درجه یک شکل کدام ویژگی ثابت می‌ماند؟","مساحت","جهت","موقعیت مطلق","زاویه نسبت به صفحه","A","چرخش صلب مساحت را حفظ می‌کند.","ترنم همدلی","original_tizhooshan","نمونه-ششم"
"نهم","عمومی","تیزهوشان","نمونه آزمون تیزهوشان نهم","استعداد تحلیلی","استدلال و هوش","","سخت","کدام استدلال قیاسی معتبرتر است؟","همه Aها B هستند؛ x از A است؛ پس x از B است","x را دوست دارم؛ پس درست است","سخت است؛ پس غلط است","یک نفر گفت؛ پس درست است","A","نتیجه از مقدمات عمومی و موردی پیروی می‌کند.","ترنم همدلی","original_tizhooshan","نمونه-نهم"