grade,track,subject,book,chapter,topic,subtopic,difficulty,question,option_a,option_b,option_c,option_d,correct_option,explanation,source,source_type,source_year
ششم,,ریاضی,ریاضی,فصل ۱,عدد و الگو,,متوسط,اگر 3/4 یک عدد برابر 18 باشد، آن عدد چند است؟,18,24,27,36,B,عدد برابر 18×4÷3=24 است.,ترنم همدلی,original,1405
ششم,,ریاضی,ریاضی,فصل ۱,کسر,,متوسط,حاصل 2/3 + 1/6 کدام است؟,1/2,2/3,5/6,1,C,2/3 برابر 4/6 است؛ پس 5/6.,ترنم همدلی,original,1405
ششم,,ریاضی,ریاضی,فصل ۱,هندسه,,متوسط,مجموع زاویه‌های داخلی مثلث چند درجه است؟,90,180,270,360,B,مجموع زاویه‌های داخلی هر مثلث 180 درجه است.,ترنم همدلی,original,1405
ششم,,علوم,علوم,فصل ۱,مواد,,متوسط,کدام تغییر، تغییر فیزیکی است؟,سوختن کاغذ,زنگ زدن آهن,ذوب شدن یخ,پختن تخم‌مرغ,C,در ذوب شدن، ماهیت ماده تغییر نمی‌کند.,ترنم همدلی,original,1405
ششم,,علوم,علوم,فصل ۱,انرژی,,متوسط,کدام مورد منبع انرژی تجدیدپذیر است؟,زغال‌سنگ,نفت,باد,گاز طبیعی,C,باد منبع تجدیدپذیر است.,ترنم همدلی,original,1405
ششم,,علوم,علوم,فصل ۱,بدن انسان,,متوسط,بیشترین جذب مواد غذایی در کدام بخش دستگاه گوارش انجام می‌شود؟,معده,روده باریک,روده بزرگ,مری,B,روده باریک محل اصلی جذب مواد غذایی است.,ترنم همدلی,original,1405
ششم,,فارسی,فارسی,فصل ۱,واژگان,,متوسط,کدام واژه از نظر معنا به «کوشش» نزدیک‌تر است؟,تلاش,آرامش,دانش,آرایش,A,تلاش و کوشش هم‌معنا هستند.,ترنم همدلی,original,1405
ششم,,فارسی,فارسی,فصل ۱,دستور,,متوسط,در جمله «دانش‌آموز کتاب را خواند»، مفعول کدام است؟,دانش‌آموز,کتاب,خواند,را,B,«کتاب» مفعول و «را» نشانه مفعول است.,ترنم همدلی,original,1405
ششم,,مطالعات اجتماعی,مطالعات اجتماعی,فصل ۱,جغرافیا,,متوسط,کدام عامل مستقیماً در شکل‌گیری آب‌وهوا نقش دارد؟,رنگ خاک,دما و رطوبت,تعداد شهرها,نوع خط,B,دما و رطوبت از عناصر مهم آب‌وهوا هستند.,ترنم همدلی,original,1405
ششم,,مطالعات اجتماعی,مطالعات اجتماعی,فصل ۱,مدنی,,متوسط,یکی از مهم‌ترین وظایف شهروند چیست؟,بی‌توجهی به قانون,رعایت قانون و حقوق دیگران,اجتناب از مشارکت,نادیده گرفتن مسئولیت‌ها,B,شهروند مسئول قانون و حقوق دیگران را رعایت می‌کند.,ترنم همدلی,original,1405
ششم,,انگلیسی,انگلیسی,فصل ۱,واژگان,,متوسط,کدام گزینه معنی book است؟,مدرسه,کتاب,دفتر,مداد,B,book یعنی کتاب.,ترنم همدلی,original,1405
ششم,,انگلیسی,انگلیسی,فصل ۱,گرامر,,متوسط,کدام جمله درست است؟,He are a student.,He is a student.,He am a student.,He be a student.,B,برای he از is استفاده می‌شود.,ترنم همدلی,original,1405
نهم,,ریاضی,ریاضی,فصل ۱,عبارت‌های جبری,,متوسط,اگر x=3 باشد، مقدار 2x+5 چند است؟,8,10,11,12,C,2×3+5=11.,ترنم همدلی,original,1405
نهم,,ریاضی,ریاضی,فصل ۱,توان و ریشه,,متوسط,کدام گزینه برابر 3²×3 است؟,9,18,27,81,C,3²×3=9×3=27.,ترنم همدلی,original,1405
نهم,,ریاضی,ریاضی,فصل ۱,معادله,,متوسط,حل معادله 2x-4=10 کدام است؟,5,6,7,8,C,2x=14 و x=7.,ترنم همدلی,original,1405
نهم,,علوم,علوم,فصل ۱,فیزیک,,متوسط,واحد SI نیرو چیست؟,ژول,وات,نیوتن,پاسکال,C,واحد نیرو نیوتن است.,ترنم همدلی,original,1405
نهم,,علوم,علوم,فصل ۱,شیمی,,متوسط,کدام مورد یک عنصر است؟,آب,اکسیژن,نمک خوراکی,دی‌اکسیدکربن,B,اکسیژن عنصر است.,ترنم همدلی,original,1405
نهم,,علوم,علوم,فصل ۱,زیست,,متوسط,کدام ساختار واحد بنیادی حیات است؟,بافت,اندام,سلول,دستگاه,C,سلول واحد بنیادی حیات است.,ترنم همدلی,original,1405
نهم,,فارسی,فارسی,فصل ۱,آرایه,,متوسط,در «لبش چون لعل بود» کدام آرایه برجسته‌تر است؟,تشبیه,تضاد,جناس,کنایه,A,لب به لعل تشبیه شده است.,ترنم همدلی,original,1405
نهم,,فارسی,فارسی,فصل ۱,دستور,,متوسط,در «علی با دوستش آمد»، «با دوستش» چه نقشی دارد؟,نهاد,متمم,مفعول,مسند,B,حرف اضافه «با» و گروه پس از آن متمم است.,ترنم همدلی,original,1405
نهم,,عربی,عربی,فصل ۱,ترجمه,,متوسط,معنی «هؤلاء الطلاب» چیست؟,آن دانش‌آموزان,این دانش‌آموزان,این معلم,آن معلمان,B,هؤلاء برای اشاره نزدیک جمع به کار می‌رود.,ترنم همدلی,original,1405
نهم,,مطالعات اجتماعی,مطالعات اجتماعی,فصل ۱,تاریخ,,متوسط,قانون اساسی چه جایگاهی در نظام حقوقی کشور دارد؟,قانون عادی,سند بنیادین نظام حقوقی,آیین‌نامه مدرسه,قانون محلی,B,قانون اساسی سند بنیادین نظام حقوقی است.,ترنم همدلی,original,1405
نهم,,انگلیسی,انگلیسی,فصل ۱,گرامر,,متوسط,گذشته فعل go کدام است؟,goed,gone,went,going,C,گذشته ساده go، went است.,ترنم همدلی,original,1405
نهم,,انگلیسی,انگلیسی,فصل ۱,واژگان,,متوسط,opposite of expensive چیست؟,cheap,large,strong,early,A,cheap یعنی ارزان و متضاد expensive است.,ترنم همدلی,original,1405
دهم,تجربی,زیست‌شناسی,زیست‌شناسی ۱,فصل ۱,یاخته,,متوسط,کدام ساختار در سلول‌های یوکاریوتی محل اصلی تولید ATP است؟,هسته,میتوکندری,ریبوزوم,دستگاه گلژی,B,میتوکندری محل اصلی تولید ATP در تنفس یاخته‌ای است.,ترنم همدلی,original,1405
دهم,تجربی,زیست‌شناسی,زیست‌شناسی ۱,فصل ۱,بافت‌ها,,متوسط,بافت پوششی عمدتاً چه نقشی دارد؟,انتقال پیام عصبی,پوشش و حفاظت سطوح,انقباض,ذخیره اطلاعات ژنتیکی,B,بافت پوششی سطوح بدن را می‌پوشاند و حفاظت می‌کند.,ترنم همدلی,original,1405
دهم,تجربی,زیست‌شناسی,زیست‌شناسی ۱,فصل ۱,گوارش,,متوسط,آنزیم‌های گوارشی عمدتاً چه کاری انجام می‌دهند؟,افزایش دمای بدن,تسریع تجزیه مواد غذایی,تولید DNA,انتقال اکسیژن,B,آنزیم‌ها واکنش‌های تجزیه مواد غذایی را تسریع می‌کنند.,ترنم همدلی,original,1405
دهم,تجربی,شیمی,شیمی ۱,فصل ۱,ساختار اتم,,متوسط,عدد اتمی یک عنصر بیانگر تعداد کدام ذرات در هسته اتم خنثی است؟,نوترون‌ها,الکترون‌ها,پروتون‌ها,همه ذرات,C,عدد اتمی برابر تعداد پروتون‌هاست.,ترنم همدلی,original,1405
دهم,تجربی,شیمی,شیمی ۱,فصل ۱,مول,,متوسط,در یک مول از هر ماده تقریباً چند ذره وجود دارد؟,6.02×10^23,9.8×10^2,3×10^8,1.6×10^-19,A,عدد آووگادرو حدود 6.02×10^23 است.,ترنم همدلی,original,1405
دهم,تجربی,شیمی,شیمی ۱,فصل ۱,پیوند,,متوسط,پیوند یونی معمولاً بر اثر چه چیزی شکل می‌گیرد؟,اشتراک کامل هسته‌ها,انتقال الکترون و جاذبه یون‌ها,حذف پروتون‌ها,ترکیب نوترون‌ها,B,در پیوند یونی انتقال الکترون و جاذبه الکترواستاتیکی یون‌ها مهم است.,ترنم همدلی,original,1405
دهم,تجربی,فیزیک,فیزیک ۱,فصل ۱,حرکت,,متوسط,اگر جسمی در 4 ثانیه 20 متر جابه‌جا شود، سرعت متوسط آن چند متر بر ثانیه است؟,4,5,8,16,B,سرعت متوسط = 20÷4=5 m/s.,ترنم همدلی,original,1405
دهم,تجربی,فیزیک,فیزیک ۱,فصل ۱,نیرو,,متوسط,اگر نیروی خالص وارد بر جسم صفر باشد، کدام حالت ممکن است؟,حتماً شتاب مثبت دارد,حتماً متوقف است,می‌تواند با سرعت ثابت حرکت کند,حتماً سرعتش صفر است,C,نیروی خالص صفر یعنی شتاب صفر؛ جسم می‌تواند سرعت ثابت داشته باشد.,ترنم همدلی,original,1405
دهم,تجربی,ریاضی,ریاضی ۱,فصل ۱,تابع,,متوسط,اگر f(x)=2x+1 باشد، f(3) چند است؟,5,6,7,8,C,2×3+1=7.,ترنم همدلی,original,1405
دهم,تجربی,ریاضی,ریاضی ۱,فصل ۱,معادله,,متوسط,ریشه مثبت معادله x²=49 چیست؟,-7,0,7,49,C,ریشه مثبت 49 برابر 7 است.,ترنم همدلی,original,1405
یازدهم,تجربی,زیست‌شناسی,زیست‌شناسی ۲,فصل ۱,تنفس,,متوسط,محل اصلی تبادل گازها در شش کدام است؟,نای,نایژه,کیسه‌های هوایی,حنجره,C,تبادل گاز در سطح کیسه‌های هوایی انجام می‌شود.,ترنم همدلی,original,1405
یازدهم,تجربی,زیست‌شناسی,زیست‌شناسی ۲,فصل ۱,گردش خون,,متوسط,کدام رگ خون را از قلب دور می‌کند؟,سیاهرگ,سرخرگ,مویرگ لنفی,مجرای صفراوی,B,سرخرگ‌ها خون را از قلب دور می‌کنند.,ترنم همدلی,original,1405
یازدهم,تجربی,زیست‌شناسی,زیست‌شناسی ۲,فصل ۱,ژنتیک,,متوسط,ژن را می‌توان چه دانست؟,واحدی از اطلاعات وراثتی,نوعی بافت,یک اندام,نوعی قند,A,ژن بخشی از DNA است که اطلاعات وراثتی مشخصی را دربر دارد.,ترنم همدلی,original,1405
یازدهم,تجربی,شیمی,شیمی ۲,فصل ۱,محلول‌ها,,متوسط,افزایش دما در بسیاری از جامدات چه اثری بر انحلال‌پذیری دارد؟,همیشه صفر می‌کند,معمولاً افزایش می‌دهد,همیشه کاهش می‌دهد,هیچ‌گاه تغییر نمی‌دهد,B,برای بسیاری از جامدات، انحلال‌پذیری با افزایش دما بیشتر می‌شود.,ترنم همدلی,original,1405
یازدهم,تجربی,شیمی,شیمی ۲,فصل ۱,اسید و باز,,متوسط,pH کمتر از 7 معمولاً نشان‌دهنده چه محیطی است؟,بازی,خنثی,اسیدی,نمکی,C,pH کمتر از 7 اسیدی است.,ترنم همدلی,original,1405
یازدهم,تجربی,فیزیک,فیزیک ۲,فصل ۱,الکتریسیته,,متوسط,واحد مقاومت الکتریکی چیست؟,ولت,آمپر,اهم,وات,C,واحد مقاومت اهم است.,ترنم همدلی,original,1405
یازدهم,تجربی,فیزیک,فیزیک ۲,فصل ۱,انرژی,,متوسط,توان الکتریکی از کدام رابطه به‌دست می‌آید؟,P=VI,P=V/I,P=I/V,P=V+I,A,توان الکتریکی P=VI است.,ترنم همدلی,original,1405
یازدهم,تجربی,ریاضی,ریاضی ۲,فصل ۱,حد,,متوسط,حد تابع در یک نقطه بیشتر به چه چیزی مربوط است؟,رفتار تابع در نزدیکی آن نقطه,نام تابع,تعداد ضرایب,واحد اندازه‌گیری,A,حد رفتار تابع را هنگام نزدیک شدن به نقطه بررسی می‌کند.,ترنم همدلی,original,1405
یازدهم,تجربی,ریاضی,ریاضی ۲,فصل ۱,احتمال,,متوسط,احتمال آمدن عدد زوج در یک تاس سالم شش‌وجهی چیست؟,1/6,1/3,1/2,2/3,C,سه حالت زوج از شش حالت ممکن داریم؛ 3/6=1/2.,ترنم همدلی,original,1405
یازدهم,تجربی,هویت و زندگی,هویت و زندگی ۲,فصل ۱,مهارت‌های زندگی,,متوسط,کدام مورد نمونه‌ای از خودنظم‌دهی است؟,رها کردن کارها,تعیین هدف و پیگیری آن,نادیده گرفتن زمان,تغییر مداوم تصمیم بدون دلیل,B,خودنظم‌دهی شامل هدف‌گذاری، برنامه‌ریزی و پیگیری است.,ترنم همدلی,original,1405
دوازدهم,تجربی,زیست‌شناسی,زیست‌شناسی ۳,فصل ۱,ژنتیک,,متوسط,اگر یک صفت اتوزومی مغلوب باشد، فرد دارای ژنوتیپ Aa از نظر این صفت چگونه است؟,مبتلا,ناقل,همیشه فاقد ژن,همیشه هموزیگوت,B,در مدل ساده، Aa فنوتیپ غالب و ناقل آلل مغلوب است.,ترنم همدلی,original,1405
دوازدهم,تجربی,زیست‌شناسی,زیست‌شناسی ۳,فصل ۱,تنظیم عصبی,,متوسط,انتقال پیام در محل اتصال دو یاخته عصبی عمدتاً با چه واسطه‌ای انجام می‌شود؟,هورمون‌های تیروئیدی,ناقل عصبی,هموگلوبین,انسولین,B,در سیناپس شیمیایی ناقل عصبی پیام را منتقل می‌کند.,ترنم همدلی,original,1405
دوازدهم,تجربی,شیمی,شیمی ۳,فصل ۱,تعادل,,متوسط,در تعادل شیمیایی، سرعت واکنش رفت و برگشت چه رابطه‌ای دارند؟,هر دو صفرند,برابرند,یکی همیشه بیشتر است,فقط واکنش رفت ادامه دارد,B,در تعادل پویا سرعت رفت و برگشت برابر است.,ترنم همدلی,original,1405
دوازدهم,تجربی,شیمی,شیمی ۳,فصل ۱,الکتروشیمی,,متوسط,در یک پیل گالوانی، انرژی شیمیایی عمدتاً به چه انرژی تبدیل می‌شود؟,هسته‌ای,الکتریکی,نورانی فقط,صوتی,B,واکنش خودبه‌خودی پیل گالوانی انرژی الکتریکی ایجاد می‌کند.,ترنم همدلی,original,1405
دوازدهم,تجربی,فیزیک,فیزیک ۳,فصل ۱,نوسان,,متوسط,در حرکت هماهنگ ساده، شتاب نسبت به جابه‌جایی چه رابطه‌ای دارد؟,هم‌جهت و ثابت,متناسب و خلاف جهت,صفر در همه نقاط,مستقل از جابه‌جایی,B,شتاب در SHM متناسب با منفی جابه‌جایی است.,ترنم همدلی,original,1405
دوازدهم,تجربی,فیزیک,فیزیک ۳,فصل ۱,مدار,,متوسط,اگر دو مقاومت برابر به صورت موازی وصل شوند، مقاومت معادل نسبت به هر مقاومت چگونه است؟,بیشتر,برابر,کمتر,نامحدود,C,در موازی، مقاومت معادل از کوچک‌ترین مقاومت هم کمتر است.,ترنم همدلی,original,1405
دوازدهم,تجربی,ریاضی,ریاضی ۳,فصل ۱,مشتق,,متوسط,مشتق x² در نقطه x=3 چند است؟,3,6,9,12,B,مشتق x² برابر 2x است؛ در 3 برابر 6.,ترنم همدلی,original,1405
دوازدهم,تجربی,ریاضی,ریاضی ۳,فصل ۱,احتمال,,متوسط,اگر احتمال موفقیت در یک آزمایش 0.8 باشد، احتمال شکست آن چقدر است؟,0.1,0.2,0.4,0.8,B,احتمال متمم = 1-0.8=0.2.,ترنم همدلی,original,1405
دوازدهم,تجربی,فارسی,فارسی ۳,فصل ۱,قرابت,,متوسط,کدام مفهوم به «پایداری در سختی» نزدیک‌تر است؟,تاب‌آوری,شتاب,غفلت,تفریح,A,تاب‌آوری به توان ادامه دادن و سازگاری در شرایط دشوار نزدیک است.,ترنم همدلی,original,1405
دوازدهم,تجربی,عربی,عربی ۳,فصل ۱,ترجمه,,متوسط,معنی «یجتهد الطالب» کدام است؟,دانش‌آموز تلاش می‌کند,دانش‌آموز تلاش کرد,دانش‌آموز خواهد خوابید,دانش‌آموز می‌نویسد,A,«یجتهد» فعل مضارع از ریشه جهد است و یعنی تلاش می‌کند.,ترنم همدلی,original,1405
دهم,ریاضی,ریاضی,ریاضی ۱,فصل ۱,تابع,,متوسط,دامنه تابع 1/(x-2) شامل کدام عدد نیست؟,0,1,2,3,C,مخرج نباید صفر شود؛ بنابراین x=2 از دامنه حذف می‌شود.,ترنم همدلی,original,1405
دهم,ریاضی,ریاضی,ریاضی ۱,فصل ۱,دنباله,,متوسط,در دنباله حسابی 3، 7، 11، ... اختلاف مشترک چیست؟,2,3,4,5,C,هر جمله 4 واحد بیشتر از قبلی است.,ترنم همدلی,original,1405
دهم,ریاضی,فیزیک,فیزیک ۱,فصل ۱,کار و انرژی,,متوسط,اگر نیروی ثابت 10 نیوتن جسم را 3 متر در جهت نیرو جابه‌جا کند، کار انجام‌شده چند ژول است؟,3,10,13,30,D,W=Fd=10×3=30 J.,ترنم همدلی,original,1405
دهم,ریاضی,شیمی,شیمی ۱,فصل ۱,استوکیومتری,,متوسط,در واکنش‌های شیمیایی، ضرایب معادله موازنه‌شده چه چیزی را نشان می‌دهند؟,نسبت‌های مولی,جرم دقیق هر ماده,دمای واکنش,رنگ مواد,A,ضرایب موازنه‌شده نسبت‌های مولی واکنش‌دهنده‌ها و فرآورده‌ها را نشان می‌دهند.,ترنم همدلی,original,1405
دهم,انسانی,اقتصاد,اقتصاد ۱,فصل ۱,مفاهیم پایه,,متوسط,کمیابی منابع یعنی چه؟,همه منابع نامحدودند,منابع در برابر خواسته‌ها محدودند,تقاضا وجود ندارد,تولید همیشه صفر است,B,کمیابی یعنی منابع محدودند اما خواسته‌های انسانی گسترده‌اند.,ترنم همدلی,original,1405
دهم,انسانی,جامعه‌شناسی,جامعه‌شناسی ۱,فصل ۱,جامعه,,متوسط,هنجار اجتماعی چیست؟,الگوی مورد انتظار رفتار در یک جامعه,یک وسیله فنی,نوعی بیماری,عدد آماری,A,هنجارها انتظارات و قواعد رفتاری پذیرفته‌شده‌اند.,ترنم همدلی,original,1405
دهم,انسانی,فلسفه,فلسفه ۱,فصل ۱,استدلال,,متوسط,نتیجه معتبر در یک استدلال تابع چه چیزی است؟,صرفاً طول متن,رابطه منطقی مقدمات و نتیجه,تعداد کلمات,دست‌خط نویسنده,B,اعتبار منطقی به رابطه ساختاری مقدمات و نتیجه مربوط است.,ترنم همدلی,original,1405
دهم,انسانی,روان‌شناسی,روان‌شناسی ۱,فصل ۱,یادگیری,,متوسط,کدام مورد به تقویت خودنظم‌دهی تحصیلی کمک می‌کند؟,هدف‌گذاری و بازخورد,حذف برنامه,تعویق مستمر,بی‌توجهی به نتیجه,A,هدف‌گذاری و بازخورد از اجزای خودنظم‌دهی هستند.,ترنم همدلی,original,1405
ششم,,ریاضی,ریاضی ۶,فصل ۲,درصد,,آسان,اگر 10 درصد از 50 برابر چند باشد؟,2,5,10,15,B,10 درصد از 50 برابر 5 است.,ترنم همدلی,original,1405
ششم,,ریاضی,ریاضی ۶,فصل ۲,درصد,,آسان,اگر 10 درصد از 50 برابر چند باشد؟,2,5,10,15,B,10 درصد از 50 برابر 5 است.,ترنم همدلی,original,1405
ششم,,ریاضی,ریاضی ۶,فصل ۲,درصد,,آسان,اگر 10 درصد از 50 برابر چند باشد؟,2,5,10,15,B,10 درصد از 50 برابر 5 است.,ترنم همدلی,original,1405
ششم,,ریاضی,ریاضی ۶,فصل ۲,درصد,,آسان,اگر 10 درصد از 50 برابر چند باشد؟,2,5,10,15,B,10 درصد از 50 برابر 5 است.,ترنم همدلی,original,1405
ششم,,ریاضی,ریاضی ۶,فصل ۲,درصد,,آسان,اگر 10 درصد از 50 برابر چند باشد؟,2,5,10,15,B,10 درصد از 50 برابر 5 است.,ترنم همدلی,original,1405
ششم,,ریاضی,ریاضی ۶,فصل ۲,درصد,,آسان,اگر 10 درصد از 50 برابر چند باشد؟,2,5,10,15,B,10 درصد از 50 برابر 5 است.,ترنم همدلی,original,1405
نهم,,ریاضی,ریاضی ۹,فصل ۲,خط و معادله,,آسان,شیب خط y=2x+1 چند است؟,1,2,3,-2,B,ضریب x شیب خط است؛ برابر 2.,ترنم همدلی,original,1405
نهم,,ریاضی,ریاضی ۹,فصل ۲,خط و معادله,,آسان,شیب خط y=2x+1 چند است؟,1,2,3,-2,B,ضریب x شیب خط است؛ برابر 2.,ترنم همدلی,original,1405
نهم,,ریاضی,ریاضی ۹,فصل ۲,خط و معادله,,آسان,شیب خط y=2x+1 چند است؟,1,2,3,-2,B,ضریب x شیب خط است؛ برابر 2.,ترنم همدلی,original,1405
نهم,,ریاضی,ریاضی ۹,فصل ۲,خط و معادله,,آسان,شیب خط y=2x+1 چند است؟,1,2,3,-2,B,ضریب x شیب خط است؛ برابر 2.,ترنم همدلی,original,1405
نهم,,ریاضی,ریاضی ۹,فصل ۲,خط و معادله,,آسان,شیب خط y=2x+1 چند است؟,1,2,3,-2,B,ضریب x شیب خط است؛ برابر 2.,ترنم همدلی,original,1405
نهم,,ریاضی,ریاضی ۹,فصل ۲,خط و معادله,,آسان,شیب خط y=2x+1 چند است؟,1,2,3,-2,B,ضریب x شیب خط است؛ برابر 2.,ترنم همدلی,original,1405
دهم,تجربی,زیست‌شناسی,زیست‌شناسی ۱,فصل ۲,یاخته,,آسان,کدام اندامک در ساخت پروتئین نقش مستقیم دارد؟,ریبوزوم,میتوکندری,لیزوزوم,واکوئول,A,ریبوزوم محل ساخت پروتئین است.,ترنم همدلی,original,1405
دهم,تجربی,زیست‌شناسی,زیست‌شناسی ۱,فصل ۲,یاخته,,آسان,کدام اندامک در ساخت پروتئین نقش مستقیم دارد؟,ریبوزوم,میتوکندری,لیزوزوم,واکوئول,A,ریبوزوم محل ساخت پروتئین است.,ترنم همدلی,original,1405
دهم,تجربی,زیست‌شناسی,زیست‌شناسی ۱,فصل ۲,یاخته,,آسان,کدام اندامک در ساخت پروتئین نقش مستقیم دارد؟,ریبوزوم,میتوکندری,لیزوزوم,واکوئول,A,ریبوزوم محل ساخت پروتئین است.,ترنم همدلی,original,1405
دهم,تجربی,زیست‌شناسی,زیست‌شناسی ۱,فصل ۲,یاخته,,آسان,کدام اندامک در ساخت پروتئین نقش مستقیم دارد؟,ریبوزوم,میتوکندری,لیزوزوم,واکوئول,A,ریبوزوم محل ساخت پروتئین است.,ترنم همدلی,original,1405
دهم,تجربی,زیست‌شناسی,زیست‌شناسی ۱,فصل ۲,یاخته,,آسان,کدام اندامک در ساخت پروتئین نقش مستقیم دارد؟,ریبوزوم,میتوکندری,لیزوزوم,واکوئول,A,ریبوزوم محل ساخت پروتئین است.,ترنم همدلی,original,1405
دهم,تجربی,زیست‌شناسی,زیست‌شناسی ۱,فصل ۲,یاخته,,آسان,کدام اندامک در ساخت پروتئین نقش مستقیم دارد؟,ریبوزوم,میتوکندری,لیزوزوم,واکوئول,A,ریبوزوم محل ساخت پروتئین است.,ترنم همدلی,original,1405
